class,name,file,charge,baseformula,C,H,O,N,P,S,intensities,
10-HDoHE,325.2171,%,-1,,0,0,0,0,0,0,100,
10-HDoHE,299.2378,%,-1,,0,0,0,0,0,0,100,
10-HDoHE,281.2273,%,-1,,0,0,0,0,0,0,100,
10-HDoHE,227.1803,%,-1,,0,0,0,0,0,0,100,
10-HDoHE,181.0869,%,-1,,0,0,0,0,0,0,100,
10-HDoHE,161.1335,%,-1,,0,0,0,0,0,0,100,
10-HDoHE,153.092,%,-1,,0,0,0,0,0,0,100,
10-HDoHE,121.0658,%,-1,,0,0,0,0,0,0,100,
10-HDoHE,59.0134,%,-1,,0,0,0,0,0,0,100,
11(12)-EET,301.2172,%,-1,,0,0,0,0,0,0,100,
11(12)-EET,257.2273,%,-1,,0,0,0,0,0,0,100,
11(12)-EET,203.1804,%,-1,,0,0,0,0,0,0,100,
11(12)-EET,203.0789,%,-1,,0,0,0,0,0,0,100,
11(12)-EET,179.1076,%,-1,,0,0,0,0,0,0,100,
11(12)-EET,167.1076,%,-1,,0,0,0,0,0,0,100,
11(12)-EET,149.097,%,-1,,0,0,0,0,0,0,100,
11(12)-EET,59.0135,%,-1,,0,0,0,0,0,0,100,
11(12)-EET/d11,312.2862,%,-1,,0,0,0,0,0,0,100,
11(12)-EET/d11,268.2963,%,-1,,0,0,0,0,0,0,100,
11(12)-EET/d11,214.2494,%,-1,,0,0,0,0,0,0,100,
11(12)-EET/d11,208.1103,%,-1,,0,0,0,0,0,0,100,
11(12)-EET/d11,179.1076,%,-1,,0,0,0,0,0,0,100,
11(12)-EET/d11,167.1076,%,-1,,0,0,0,0,0,0,100,
11(12)-EET/d11,149.097,%,-1,,0,0,0,0,0,0,100,
11(12)-EET/d11,59.0135,%,-1,,0,0,0,0,0,0,100,
"11,12-DHET",319.2281,%,-1,,0,0,0,0,0,0,100,
"11,12-DHET",197.1185,%,-1,,0,0,0,0,0,0,100,
"11,12-DHET",169.1236,%,-1,,0,0,0,0,0,0,100,
"11,12-DHET",167.1079,%,-1,,0,0,0,0,0,0,100,
"11,12-DHET",149.0973,%,-1,,0,0,0,0,0,0,100,
"11,12-DHET",58.0057,%,-1,,0,0,0,0,0,0,100,
"11,12-DHET/d11",330.2971,%,-1,,0,0,0,0,0,0,100,
"11,12-DHET/d11",197.1185,%,-1,,0,0,0,0,0,0,100,
"11,12-DHET/d11",180.1926,%,-1,,0,0,0,0,0,0,100,
"11,12-DHET/d11",167.1079,%,-1,,0,0,0,0,0,0,100,
"11,12-DHET/d11",149.0973,%,-1,,0,0,0,0,0,0,100,
"11,12-DHET/d11",58.0057,%,-1,,0,0,0,0,0,0,100,
11-HDoHE,325.2171,%,-1,,0,0,0,0,0,0,100,
11-HDoHE,299.2378,%,-1,,0,0,0,0,0,0,100,
11-HDoHE,281.2273,%,-1,,0,0,0,0,0,0,100,
11-HDoHE,194.0946,%,-1,,0,0,0,0,0,0,100,
11-HDoHE,165.0919,%,-1,,0,0,0,0,0,0,100,
11-HDoHE,149.1333,%,-1,,0,0,0,0,0,0,100,
11-HDoHE,121.1022,%,-1,,0,0,0,0,0,0,100,
11-HDoHE,95.0502,%,-1,,0,0,0,0,0,0,100,
11-HDoHE,59.0135,%,-1,,0,0,0,0,0,0,100,
11-HETE,301.2173,%,-1,,0,0,0,0,0,0,100,
11-HETE,275.2377,%,-1,,0,0,0,0,0,0,100,
11-HETE,257.2273,%,-1,,0,0,0,0,0,0,100,
11-HETE,195.1025,%,-1,,0,0,0,0,0,0,100,
11-HETE,167.1076,%,-1,,0,0,0,0,0,0,100,
11-HETE,149.097,%,-1,,0,0,0,0,0,0,100,
11-HETE,59.0135,%,-1,,0,0,0,0,0,0,100,
12(13)-EpOME,277.2168,%,-1,,0,0,0,0,0,0,100,
12(13)-EpOME,195.139,%,-1,,0,0,0,0,0,0,100,
12(13)-EpOME,183.1389,%,-1,,0,0,0,0,0,0,100,
12(13)-EpOME,113.0971,%,-1,,0,0,0,0,0,0,100,
12(13)-EpOME,59.0135,%,-1,,0,0,0,0,0,0,100,
12(13)-EpOME/d4,281.2419,%,-1,,0,0,0,0,0,0,100,
12(13)-EpOME/d4,198.1578,%,-1,,0,0,0,0,0,0,100,
12(13)-EpOME/d4,185.1515,%,-1,,0,0,0,0,0,0,100,
12(13)-EpOME/d4,114.1034,%,-1,,0,0,0,0,0,0,100,
12(13)-EpOME/d4,59.0135,%,-1,,0,0,0,0,0,0,100,
12-HEPE,299.2014,%,-1,,0,0,0,0,0,0,100,
12-HEPE,273.2224,%,-1,,0,0,0,0,0,0,100,
12-HEPE,255.2117,%,-1,,0,0,0,0,0,0,100,
12-HEPE,208.1104,%,-1,,0,0,0,0,0,0,100,
12-HEPE,179.1077,%,-1,,0,0,0,0,0,0,100,
12-HEPE,163.1127,%,-1,,0,0,0,0,0,0,100,
12-HEPE,135.1179,%,-1,,0,0,0,0,0,0,100,
12-HEPE,107.0866,%,-1,,0,0,0,0,0,0,100,
12-HEPE,59.0135,%,-1,,0,0,0,0,0,0,100,
12-HETE,301.2172,%,-1,,0,0,0,0,0,0,100,
12-HETE,275.2377,%,-1,,0,0,0,0,0,0,100,
12-HETE,257.2272,%,-1,,0,0,0,0,0,0,100,
12-HETE,229.196,%,-1,,0,0,0,0,0,0,100,
12-HETE,208.1104,%,-1,,0,0,0,0,0,0,100,
12-HETE,179.1076,%,-1,,0,0,0,0,0,0,100,
12-HETE,163.1127,%,-1,,0,0,0,0,0,0,100,
12-HETE,135.1179,%,-1,,0,0,0,0,0,0,100,
12-HETE,59.0135,%,-1,,0,0,0,0,0,0,100,
12-HETE/d8,309.2674,%,-1,,0,0,0,0,0,0,100,
12-HETE/d8,283.2879,%,-1,,0,0,0,0,0,0,100,
12-HETE/d8,265.2774,%,-1,,0,0,0,0,0,0,100,
12-HETE/d8,237.2462,%,-1,,0,0,0,0,0,0,100,
12-HETE/d8,214.1481,%,-1,,0,0,0,0,0,0,100,
12-HETE/d8,184.139,%,-1,,0,0,0,0,0,0,100,
12-HETE/d8,169.1504,%,-1,,0,0,0,0,0,0,100,
12-HETE/d8,140.1493,%,-1,,0,0,0,0,0,0,100,
12-HETE/d8,59.0135,%,-1,,0,0,0,0,0,0,100,
12-HHTrE,261.1858,%,-1,,0,0,0,0,0,0,100,
12-HHTrE,235.2066,%,-1,,0,0,0,0,0,0,100,
12-HHTrE,217.1959,%,-1,,0,0,0,0,0,0,100,
12-HHTrE,189.1648,%,-1,,0,0,0,0,0,0,100,
12-HHTrE,179.1077,%,-1,,0,0,0,0,0,0,100,
12-HHTrE,163.1491,%,-1,,0,0,0,0,0,0,100,
12-HHTrE,135.1179,%,-1,,0,0,0,0,0,0,100,
12-HHTrE,113.0971,%,-1,,0,0,0,0,0,0,100,
12-HHTrE,59.0135,%,-1,,0,0,0,0,0,0,100,
12-OxoETE,299.2016,%,-1,,0,0,0,0,0,0,100,
12-OxoETE,273.2223,%,-1,,0,0,0,0,0,0,100,
12-OxoETE,219.1753,%,-1,,0,0,0,0,0,0,100,
12-OxoETE,179.144,%,-1,,0,0,0,0,0,0,100,
12-OxoETE,163.0763,%,-1,,0,0,0,0,0,0,100,
12-OxoETE,153.1284,%,-1,,0,0,0,0,0,0,100,
12-OxoETE,137.0971,%,-1,,0,0,0,0,0,0,100,
12-OxoETE,107.0866,%,-1,,0,0,0,0,0,0,100,
12-OxoETE,59.0135,%,-1,,0,0,0,0,0,0,100,
13-HODE,277.2169,%,-1,,0,0,0,0,0,0,100,
13-HODE,276.2106,%,-1,,0,0,0,0,0,0,100,
13-HODE,195.1388,%,-1,,0,0,0,0,0,0,100,
13-HODE,113.097,%,-1,,0,0,0,0,0,0,100,
13-HODE,59.0135,%,-1,,0,0,0,0,0,0,100,
13-HODE/d4,281.242,%,-1,,0,0,0,0,0,0,100,
13-HODE/d4,280.2357,%,-1,,0,0,0,0,0,0,100,
13-HODE/d4,198.1576,%,-1,,0,0,0,0,0,0,100,
13-HODE/d4,114.1033,%,-1,,0,0,0,0,0,0,100,
13-HODE/d4,59.0135,%,-1,,0,0,0,0,0,0,100,
13-HOTrE,275.2014,%,-1,,0,0,0,0,0,0,100,
13-HOTrE,256.1315,%,-1,,0,0,0,0,0,0,100,
13-HOTrE,225.1496,%,-1,,0,0,0,0,0,0,100,
13-HOTrE,223.1338,%,-1,,0,0,0,0,0,0,100,
13-HOTrE,197.1546,%,-1,,0,0,0,0,0,0,100,
13-HOTrE,195.1388,%,-1,,0,0,0,0,0,0,100,
13-HOTrE,179.144,%,-1,,0,0,0,0,0,0,100,
13-HOTrE,59.0135,%,-1,,0,0,0,0,0,0,100,
14(15)-EET,301.2172,%,-1,,0,0,0,0,0,0,100,
14(15)-EET,275.2378,%,-1,,0,0,0,0,0,0,100,
14(15)-EET,257.2273,%,-1,,0,0,0,0,0,0,100,
14(15)-EET,219.1388,%,-1,,0,0,0,0,0,0,100,
14(15)-EET,203.1805,%,-1,,0,0,0,0,0,0,100,
14(15)-EET,175.149,%,-1,,0,0,0,0,0,0,100,
14(15)-EET,139.1127,%,-1,,0,0,0,0,0,0,100,
14(15)-EET,113.0971,%,-1,,0,0,0,0,0,0,100,
14(15)-EET,59.0135,%,-1,,0,0,0,0,0,0,100,
14(15)-EET/d11,312.2862,%,-1,,0,0,0,0,0,0,100,
14(15)-EET/d11,286.3068,%,-1,,0,0,0,0,0,0,100,
14(15)-EET/d11,268.2963,%,-1,,0,0,0,0,0,0,100,
14(15)-EET/d11,219.1388,%,-1,,0,0,0,0,0,0,100,
14(15)-EET/d11,214.2495,%,-1,,0,0,0,0,0,0,100,
14(15)-EET/d11,175.149,%,-1,,0,0,0,0,0,0,100,
14(15)-EET/d11,150.1817,%,-1,,0,0,0,0,0,0,100,
14(15)-EET/d11,124.1661,%,-1,,0,0,0,0,0,0,100,
14(15)-EET/d11,59.0135,%,-1,,0,0,0,0,0,0,100,
14(15)-EpETE,299.2015,%,-1,,0,0,0,0,0,0,100,
14(15)-EpETE,273.2223,%,-1,,0,0,0,0,0,0,100,
14(15)-EpETE,255.2116,%,-1,,0,0,0,0,0,0,100,
14(15)-EpETE,248.1416,%,-1,,0,0,0,0,0,0,100,
14(15)-EpETE,219.1389,%,-1,,0,0,0,0,0,0,100,
14(15)-EpETE,207.1389,%,-1,,0,0,0,0,0,0,100,
14(15)-EpETE,175.149,%,-1,,0,0,0,0,0,0,100,
14(15)-EpETE,121.0658,%,-1,,0,0,0,0,0,0,100,
14(15)-EpETE,59.0135,%,-1,,0,0,0,0,0,0,100,
"14,15-DHET",319.228,%,-1,,0,0,0,0,0,0,100,
"14,15-DHET",257.2277,%,-1,,0,0,0,0,0,0,100,
"14,15-DHET",207.1392,%,-1,,0,0,0,0,0,0,100,
"14,15-DHET",163.1495,%,-1,,0,0,0,0,0,0,100,
"14,15-DHET",129.0923,%,-1,,0,0,0,0,0,0,100,
"14,15-DHET",99.0816,%,-1,,0,0,0,0,0,0,100,
"14,15-DHET",59.0135,%,-1,,0,0,0,0,0,0,100,
"14,15-DHET/d11",330.297,%,-1,,0,0,0,0,0,0,100,
"14,15-DHET/d11",268.2967,%,-1,,0,0,0,0,0,0,100,
"14,15-DHET/d11",207.1392,%,-1,,0,0,0,0,0,0,100,
"14,15-DHET/d11",163.1495,%,-1,,0,0,0,0,0,0,100,
"14,15-DHET/d11",140.1613,%,-1,,0,0,0,0,0,0,100,
"14,15-DHET/d11",109.1444,%,-1,,0,0,0,0,0,0,100,
"14,15-DHET/d11",59.0135,%,-1,,0,0,0,0,0,0,100,
15d-PGJ2,297.1859,%,-1,,0,0,0,0,0,0,100,
15d-PGJ2,271.2067,%,-1,,0,0,0,0,0,0,100,
15d-PGJ2,243.1752,%,-1,,0,0,0,0,0,0,100,
15d-PGJ2,203.1443,%,-1,,0,0,0,0,0,0,100,
15d-PGJ2,158.0737,%,-1,,0,0,0,0,0,0,100,
15d-PGJ2,59.0135,%,-1,,0,0,0,0,0,0,100,
15d-PGJ2/d4,301.211,%,-1,,0,0,0,0,0,0,100,
15d-PGJ2/d4,275.2318,%,-1,,0,0,0,0,0,0,100,
15d-PGJ2/d4,245.1878,%,-1,,0,0,0,0,0,0,100,
15d-PGJ2/d4,203.1443,%,-1,,0,0,0,0,0,0,100,
15d-PGJ2/d4,161.0925,%,-1,,0,0,0,0,0,0,100,
15d-PGJ2/d4,59.0135,%,-1,,0,0,0,0,0,0,100,
15-HEPE,299.2017,%,-1,,0,0,0,0,0,0,100,
15-HEPE,255.2119,%,-1,,0,0,0,0,0,0,100,
15-HEPE,248.1419,%,-1,,0,0,0,0,0,0,100,
15-HEPE,219.1392,%,-1,,0,0,0,0,0,0,100,
15-HEPE,175.1493,%,-1,,0,0,0,0,0,0,100,
15-HEPE,147.118,%,-1,,0,0,0,0,0,0,100,
15-HEPE,121.1024,%,-1,,0,0,0,0,0,0,100,
15-HEPE,111.0817,%,-1,,0,0,0,0,0,0,100,
15-HEPE,59.0135,%,-1,,0,0,0,0,0,0,100,
15-HETE,301.2171,%,-1,,0,0,0,0,0,0,100,
15-HETE,275.2378,%,-1,,0,0,0,0,0,0,100,
15-HETE,257.2273,%,-1,,0,0,0,0,0,0,100,
15-HETE,219.139,%,-1,,0,0,0,0,0,0,100,
15-HETE,203.1804,%,-1,,0,0,0,0,0,0,100,
15-HETE,175.1491,%,-1,,0,0,0,0,0,0,100,
15-HETE,113.0971,%,-1,,0,0,0,0,0,0,100,
15-HETE,59.0135,%,-1,,0,0,0,0,0,0,100,
15-HETE/d8,309.2673,%,-1,,0,0,0,0,0,0,100,
15-HETE/d8,283.288,%,-1,,0,0,0,0,0,0,100,
15-HETE/d8,265.2775,%,-1,,0,0,0,0,0,0,100,
15-HETE/d8,226.1829,%,-1,,0,0,0,0,0,0,100,
15-HETE/d8,210.2243,%,-1,,0,0,0,0,0,0,100,
15-HETE/d8,182.193,%,-1,,0,0,0,0,0,0,100,
15-HETE/d8,114.1034,%,-1,,0,0,0,0,0,0,100,
15-HETE/d8,59.0134,%,-1,,0,0,0,0,0,0,100,
16-HDoHE,325.2172,%,-1,,0,0,0,0,0,0,100,
16-HDoHE,299.2378,%,-1,,0,0,0,0,0,0,100,
16-HDoHE,281.2274,%,-1,,0,0,0,0,0,0,100,
16-HDoHE,261.1493,%,-1,,0,0,0,0,0,0,100,
16-HDoHE,233.1546,%,-1,,0,0,0,0,0,0,100,
16-HDoHE,189.1648,%,-1,,0,0,0,0,0,0,100,
16-HDoHE,135.1179,%,-1,,0,0,0,0,0,0,100,
16-HDoHE,125.0971,%,-1,,0,0,0,0,0,0,100,
16-HDoHE,59.0134,%,-1,,0,0,0,0,0,0,100,
16-HETE,301.2171,%,-1,,0,0,0,0,0,0,100,
16-HETE,275.238,%,-1,,0,0,0,0,0,0,100,
16-HETE,257.2274,%,-1,,0,0,0,0,0,0,100,
16-HETE,233.1546,%,-1,,0,0,0,0,0,0,100,
16-HETE,203.1805,%,-1,,0,0,0,0,0,0,100,
16-HETE,189.1649,%,-1,,0,0,0,0,0,0,100,
16-HETE,135.118,%,-1,,0,0,0,0,0,0,100,
16-HETE,99.0816,%,-1,,0,0,0,0,0,0,100,
16-HETE,59.0135,%,-1,,0,0,0,0,0,0,100,
18-HEPE,299.2018,%,-1,,0,0,0,0,0,0,100,
18-HEPE,273.2224,%,-1,,0,0,0,0,0,0,100,
18-HEPE,259.1704,%,-1,,0,0,0,0,0,0,100,
18-HEPE,255.212,%,-1,,0,0,0,0,0,0,100,
18-HEPE,215.1806,%,-1,,0,0,0,0,0,0,100,
18-HEPE,201.1651,%,-1,,0,0,0,0,0,0,100,
18-HEPE,161.1337,%,-1,,0,0,0,0,0,0,100,
18-HEPE,71.0501,%,-1,,0,0,0,0,0,0,100,
18-HEPE,59.0135,%,-1,,0,0,0,0,0,0,100,
5(6)-EET,301.2174,%,-1,,0,0,0,0,0,0,100,
5(6)-EET,257.2277,%,-1,,0,0,0,0,0,0,100,
5(6)-EET,219.1755,%,-1,,0,0,0,0,0,0,100,
5(6)-EET,203.1809,%,-1,,0,0,0,0,0,0,100,
5(6)-EET,191.1807,%,-1,,0,0,0,0,0,0,100,
5(6)-EET,163.1494,%,-1,,0,0,0,0,0,0,100,
5(6)-EET,115.0402,%,-1,,0,0,0,0,0,0,100,
5(6)-EET,83.0503,%,-1,,0,0,0,0,0,0,100,
5(6)-EET,59.0135,%,-1,,0,0,0,0,0,0,100,
5(6)-EET/d11,312.2864,%,-1,,0,0,0,0,0,0,100,
5(6)-EET/d11,268.2967,%,-1,,0,0,0,0,0,0,100,
5(6)-EET/d11,230.2445,%,-1,,0,0,0,0,0,0,100,
5(6)-EET/d11,214.2499,%,-1,,0,0,0,0,0,0,100,
5(6)-EET/d11,202.2497,%,-1,,0,0,0,0,0,0,100,
5(6)-EET/d11,174.2184,%,-1,,0,0,0,0,0,0,100,
5(6)-EET/d11,115.0402,%,-1,,0,0,0,0,0,0,100,
5(6)-EET/d11,83.0503,%,-1,,0,0,0,0,0,0,100,
5(6)-EET/d11,59.0135,%,-1,,0,0,0,0,0,0,100,
"5,12-DiHETE",317.2119,%,-1,,0,0,0,0,0,0,100,
"5,12-DiHETE",273.2223,%,-1,,0,0,0,0,0,0,100,
"5,12-DiHETE",195.1025,%,-1,,0,0,0,0,0,0,100,
"5,12-DiHETE",181.0869,%,-1,,0,0,0,0,0,0,100,
"5,12-DiHETE",151.1128,%,-1,,0,0,0,0,0,0,100,
"5,12-DiHETE",129.0557,%,-1,,0,0,0,0,0,0,100,
"5,12-DiHETE",123.0815,%,-1,,0,0,0,0,0,0,100,
"5,12-DiHETE",71.0136,%,-1,,0,0,0,0,0,0,100,
"5,12-DiHETE",59.0135,%,-1,,0,0,0,0,0,0,100,
"5,6,15-LXA4",333.207,%,-1,,0,0,0,0,0,0,100,
"5,6,15-LXA4",289.2173,%,-1,,0,0,0,0,0,0,100,
"5,6,15-LXA4",271.2067,%,-1,,0,0,0,0,0,0,100,
"5,6,15-LXA4",235.1703,%,-1,,0,0,0,0,0,0,100,
"5,6,15-LXA4",217.1597,%,-1,,0,0,0,0,0,0,100,
"5,6,15-LXA4",189.1284,%,-1,,0,0,0,0,0,0,100,
"5,6,15-LXA4",135.0815,%,-1,,0,0,0,0,0,0,100,
"5,6,15-LXA4",115.04,%,-1,,0,0,0,0,0,0,100,
"5,6,15-LXA4",59.0135,%,-1,,0,0,0,0,0,0,100,
"5,6-DiHETE",317.2119,%,-1,,0,0,0,0,0,0,100,
"5,6-DiHETE",273.2224,%,-1,,0,0,0,0,0,0,100,
"5,6-DiHETE",219.1753,%,-1,,0,0,0,0,0,0,100,
"5,6-DiHETE",189.1648,%,-1,,0,0,0,0,0,0,100,
"5,6-DiHETE",163.1492,%,-1,,0,0,0,0,0,0,100,
"5,6-DiHETE",145.0505,%,-1,,0,0,0,0,0,0,100,
"5,6-DiHETE",115.04,%,-1,,0,0,0,0,0,0,100,
"5,6-DiHETE",69.0342,%,-1,,0,0,0,0,0,0,100,
"5,6-DiHETE",59.0134,%,-1,,0,0,0,0,0,0,100,
5-HEPE,299.2017,%,-1,,0,0,0,0,0,0,100,
5-HEPE,255.2119,%,-1,,0,0,0,0,0,0,100,
5-HEPE,201.1651,%,-1,,0,0,0,0,0,0,100,
5-HEPE,163.1494,%,-1,,0,0,0,0,0,0,100,
5-HEPE,121.1023,%,-1,,0,0,0,0,0,0,100,
5-HEPE,115.0402,%,-1,,0,0,0,0,0,0,100,
5-HEPE,93.0711,%,-1,,0,0,0,0,0,0,100,
5-HEPE,71.0137,%,-1,,0,0,0,0,0,0,100,
5-HEPE,59.0135,%,-1,,0,0,0,0,0,0,100,
5-HETE,301.2173,%,-1,,0,0,0,0,0,0,100,
5-HETE,257.2275,%,-1,,0,0,0,0,0,0,100,
5-HETE,203.1807,%,-1,,0,0,0,0,0,0,100,
5-HETE,115.0402,%,-1,,0,0,0,0,0,0,100,
5-HETE,59.0135,%,-1,,0,0,0,0,0,0,100,
5-HETE/d8,309.2675,%,-1,,0,0,0,0,0,0,100,
5-HETE/d8,265.2777,%,-1,,0,0,0,0,0,0,100,
5-HETE/d8,210.2246,%,-1,,0,0,0,0,0,0,100,
5-HETE/d8,116.0465,%,-1,,0,0,0,0,0,0,100,
5-HETE/d8,59.0135,%,-1,,0,0,0,0,0,0,100,
5-HpETE,317.2119,%,-1,,0,0,0,0,0,0,100,
5-HpETE,299.2016,%,-1,,0,0,0,0,0,0,100,
5-HpETE,273.2223,%,-1,,0,0,0,0,0,0,100,
5-HpETE,203.1804,%,-1,,0,0,0,0,0,0,100,
5-HpETE,163.1493,%,-1,,0,0,0,0,0,0,100,
5-HpETE,155.0714,%,-1,,0,0,0,0,0,0,100,
5-HpETE,129.0558,%,-1,,0,0,0,0,0,0,100,
5-HpETE,109.0658,%,-1,,0,0,0,0,0,0,100,
5-HpETE,59.0135,%,-1,,0,0,0,0,0,0,100,
5-OxoETE,273.2223,%,-1,,0,0,0,0,0,0,100,
5-OxoETE,245.1911,%,-1,,0,0,0,0,0,0,100,
5-OxoETE,203.1806,%,-1,,0,0,0,0,0,0,100,
5-OxoETE,163.1494,%,-1,,0,0,0,0,0,0,100,
5-OxoETE,129.0558,%,-1,,0,0,0,0,0,0,100,
5-OxoETE,71.0137,%,-1,,0,0,0,0,0,0,100,
5-OxoETE,59.0135,%,-1,,0,0,0,0,0,0,100,
5-OxoETE/d7,280.2662,%,-1,,0,0,0,0,0,0,100,
5-OxoETE/d7,252.235,%,-1,,0,0,0,0,0,0,100,
5-OxoETE/d7,210.2245,%,-1,,0,0,0,0,0,0,100,
5-OxoETE/d7,167.1745,%,-1,,0,0,0,0,0,0,100,
5-OxoETE/d7,131.0684,%,-1,,0,0,0,0,0,0,100,
5-OxoETE/d7,71.0137,%,-1,,0,0,0,0,0,0,100,
5-OxoETE/d7,59.0135,%,-1,,0,0,0,0,0,0,100,
8(9)-EET,301.2173,%,-1,,0,0,0,0,0,0,100,
8(9)-EET,275.2379,%,-1,,0,0,0,0,0,0,100,
8(9)-EET,257.2274,%,-1,,0,0,0,0,0,0,100,
8(9)-EET,179.1441,%,-1,,0,0,0,0,0,0,100,
8(9)-EET,163.0461,%,-1,,0,0,0,0,0,0,100,
8(9)-EET,155.0712,%,-1,,0,0,0,0,0,0,100,
8(9)-EET,127.0764,%,-1,,0,0,0,0,0,0,100,
8(9)-EET,123.0815,%,-1,,0,0,0,0,0,0,100,
8(9)-EET,69.0342,%,-1,,0,0,0,0,0,0,100,
8(9)-EET/d11,312.2863,%,-1,,0,0,0,0,0,0,100,
8(9)-EET/d11,286.3069,%,-1,,0,0,0,0,0,0,100,
8(9)-EET/d11,268.2964,%,-1,,0,0,0,0,0,0,100,
8(9)-EET/d11,190.2131,%,-1,,0,0,0,0,0,0,100,
8(9)-EET/d11,167.0712,%,-1,,0,0,0,0,0,0,100,
8(9)-EET/d11,155.0712,%,-1,,0,0,0,0,0,0,100,
8(9)-EET/d11,127.0764,%,-1,,0,0,0,0,0,0,100,
8(9)-EET/d11,123.0815,%,-1,,0,0,0,0,0,0,100,
8(9)-EET/d11,69.0342,%,-1,,0,0,0,0,0,0,100,
"8,9-DHET",319.2281,%,-1,,0,0,0,0,0,0,100,
"8,9-DHET",257.2277,%,-1,,0,0,0,0,0,0,100,
"8,9-DHET",209.1549,%,-1,,0,0,0,0,0,0,100,
"8,9-DHET",185.082,%,-1,,0,0,0,0,0,0,100,
"8,9-DHET",141.0923,%,-1,,0,0,0,0,0,0,100,
"8,9-DHET",127.0766,%,-1,,0,0,0,0,0,0,100,
"8,9-DHET",123.0817,%,-1,,0,0,0,0,0,0,100,
"8,9-DHET",111.0817,%,-1,,0,0,0,0,0,0,100,
"8,9-DHET",73.0294,%,-1,,0,0,0,0,0,0,100,
"8,9-DHET/d11",330.2971,%,-1,,0,0,0,0,0,0,100,
"8,9-DHET/d11",268.2967,%,-1,,0,0,0,0,0,0,100,
"8,9-DHET/d11",220.2239,%,-1,,0,0,0,0,0,0,100,
"8,9-DHET/d11",185.082,%,-1,,0,0,0,0,0,0,100,
"8,9-DHET/d11",141.0923,%,-1,,0,0,0,0,0,0,100,
"8,9-DHET/d11",127.0766,%,-1,,0,0,0,0,0,0,100,
"8,9-DHET/d11",123.0817,%,-1,,0,0,0,0,0,0,100,
"8,9-DHET/d11",111.0817,%,-1,,0,0,0,0,0,0,100,
"8,9-DHET/d11",73.0294,%,-1,,0,0,0,0,0,0,100,
8-HDoHE,299.2378,%,-1,,0,0,0,0,0,0,100,
8-HDoHE,281.2272,%,-1,,0,0,0,0,0,0,100,
8-HDoHE,243.1753,%,-1,,0,0,0,0,0,0,100,
8-HDoHE,189.1648,%,-1,,0,0,0,0,0,0,100,
8-HDoHE,135.1178,%,-1,,0,0,0,0,0,0,100,
8-HDoHE,121.1022,%,-1,,0,0,0,0,0,0,100,
8-HDoHE,109.0658,%,-1,,0,0,0,0,0,0,100,
8-HDoHE,107.0866,%,-1,,0,0,0,0,0,0,100,
8-HDoHE,69.0342,%,-1,,0,0,0,0,0,0,100,
8-HETE,301.2172,%,-1,,0,0,0,0,0,0,100,
8-HETE,275.2377,%,-1,,0,0,0,0,0,0,100,
8-HETE,257.2273,%,-1,,0,0,0,0,0,0,100,
8-HETE,203.1802,%,-1,,0,0,0,0,0,0,100,
8-HETE,163.1492,%,-1,,0,0,0,0,0,0,100,
8-HETE,155.0712,%,-1,,0,0,0,0,0,0,100,
8-HETE,127.0764,%,-1,,0,0,0,0,0,0,100,
8-HETE,111.0815,%,-1,,0,0,0,0,0,0,100,
8-HETE,59.0135,%,-1,,0,0,0,0,0,0,100,
9(10)-EpOME,277.2167,%,-1,,0,0,0,0,0,0,100,
9(10)-EpOME,276.2106,%,-1,,0,0,0,0,0,0,100,
9(10)-EpOME,195.1391,%,-1,,0,0,0,0,0,0,100,
9(10)-EpOME,183.1024,%,-1,,0,0,0,0,0,0,100,
9(10)-EpOME,171.1026,%,-1,,0,0,0,0,0,0,100,
9(10)-EpOME,59.0135,%,-1,,0,0,0,0,0,0,100,
9(10)-EpOME/d4,281.2418,%,-1,,0,0,0,0,0,0,100,
9(10)-EpOME/d4,280.2357,%,-1,,0,0,0,0,0,0,100,
9(10)-EpOME/d4,198.1579,%,-1,,0,0,0,0,0,0,100,
9(10)-EpOME/d4,185.115,%,-1,,0,0,0,0,0,0,100,
9(10)-EpOME/d4,172.1089,%,-1,,0,0,0,0,0,0,100,
9(10)-EpOME/d4,59.0135,%,-1,,0,0,0,0,0,0,100,
9-HEPE,299.2014,%,-1,,0,0,0,0,0,0,100,
9-HEPE,255.2117,%,-1,,0,0,0,0,0,0,100,
9-HEPE,177.1284,%,-1,,0,0,0,0,0,0,100,
9-HEPE,167.0713,%,-1,,0,0,0,0,0,0,100,
9-HEPE,149.1334,%,-1,,0,0,0,0,0,0,100,
9-HEPE,139.0764,%,-1,,0,0,0,0,0,0,100,
9-HEPE,123.0816,%,-1,,0,0,0,0,0,0,100,
9-HEPE,69.0342,%,-1,,0,0,0,0,0,0,100,
9-HEPE,59.0134,%,-1,,0,0,0,0,0,0,100,
9-HETE,301.217,%,-1,,0,0,0,0,0,0,100,
9-HETE,257.2275,%,-1,,0,0,0,0,0,0,100,
9-HETE,203.1804,%,-1,,0,0,0,0,0,0,100,
9-HETE,179.144,%,-1,,0,0,0,0,0,0,100,
9-HETE,167.0712,%,-1,,0,0,0,0,0,0,100,
9-HETE,139.0764,%,-1,,0,0,0,0,0,0,100,
9-HETE,123.0815,%,-1,,0,0,0,0,0,0,100,
9-HETE,69.0342,%,-1,,0,0,0,0,0,0,100,
9-HETE,59.0135,%,-1,,0,0,0,0,0,0,100,
9-HODE,277.2169,%,-1,,0,0,0,0,0,0,100,
9-HODE,233.2274,%,-1,,0,0,0,0,0,0,100,
9-HODE,171.1025,%,-1,,0,0,0,0,0,0,100,
9-HODE,123.1179,%,-1,,0,0,0,0,0,0,100,
9-HODE,59.0135,%,-1,,0,0,0,0,0,0,100,
9-HOTrE,275.2018,%,-1,,0,0,0,0,0,0,100,
9-HOTrE,231.2119,%,-1,,0,0,0,0,0,0,100,
9-HOTrE,185.1184,%,-1,,0,0,0,0,0,0,100,
9-HOTrE,171.1029,%,-1,,0,0,0,0,0,0,100,
9-HOTrE,121.1024,%,-1,,0,0,0,0,0,0,100,
9-HOTrE,71.0137,%,-1,,0,0,0,0,0,0,100,
9-HOTrE,59.0135,%,-1,,0,0,0,0,0,0,100,
AA,259.2427,%,-1,,0,0,0,0,0,0,100,
AA,231.2116,%,-1,,0,0,0,0,0,0,100,
AA,205.1961,%,-1,,0,0,0,0,0,0,100,
AA,177.1647,%,-1,,0,0,0,0,0,0,100,
AA,59.0135,%,-1,,0,0,0,0,0,0,100,
AA/d8,267.2929,%,-1,,0,0,0,0,0,0,100,
AA/d8,239.2618,%,-1,,0,0,0,0,0,0,100,
AA/d8,212.24,%,-1,,0,0,0,0,0,0,100,
AA/d8,183.2024,%,-1,,0,0,0,0,0,0,100,
AA/d8,59.0135,%,-1,,0,0,0,0,0,0,100,
alpha-LA,259.2066,%,-1,,0,0,0,0,0,0,100,
alpha-LA,233.2276,%,-1,,0,0,0,0,0,0,100,
alpha-LA,205.1966,%,-1,,0,0,0,0,0,0,100,
alpha-LA,83.0503,%,-1,,0,0,0,0,0,0,100,
alpha-LA,71.0138,%,-1,,0,0,0,0,0,0,100,
alpha-LA,59.0135,%,-1,,0,0,0,0,0,0,100,
alpha-LA/d14,271.2819,%,-1,,0,0,0,0,0,0,100,
alpha-LA/d14,247.3155,%,-1,,0,0,0,0,0,0,100,
alpha-LA/d14,215.2594,%,-1,,0,0,0,0,0,0,100,
alpha-LA/d14,89.088,%,-1,,0,0,0,0,0,0,100,
alpha-LA/d14,74.0326,%,-1,,0,0,0,0,0,0,100,
alpha-LA/d14,61.0261,%,-1,,0,0,0,0,0,0,100,
DHA,309.2224,%,-1,,0,0,0,0,0,0,100,
DHA,283.243,%,-1,,0,0,0,0,0,0,100,
DHA,255.2115,%,-1,,0,0,0,0,0,0,100,
DHA,229.196,%,-1,,0,0,0,0,0,0,100,
DHA,177.1647,%,-1,,0,0,0,0,0,0,100,
DHA,59.0135,%,-1,,0,0,0,0,0,0,100,
DHA/d5,314.2538,%,-1,,0,0,0,0,0,0,100,
DHA/d5,288.2744,%,-1,,0,0,0,0,0,0,100,
DHA/d5,260.2429,%,-1,,0,0,0,0,0,0,100,
DHA/d5,234.2274,%,-1,,0,0,0,0,0,0,100,
DHA/d5,182.1961,%,-1,,0,0,0,0,0,0,100,
DHA/d5,59.0135,%,-1,,0,0,0,0,0,0,100,
EPA,257.2272,%,-1,,0,0,0,0,0,0,100,
EPA,203.1804,%,-1,,0,0,0,0,0,0,100,
EPA,59.0135,%,-1,,0,0,0,0,0,0,100,
EPA/d5,262.2586,%,-1,,0,0,0,0,0,0,100,
EPA/d5,208.2118,%,-1,,0,0,0,0,0,0,100,
EPA/d5,59.0135,%,-1,,0,0,0,0,0,0,100,
Linoleic acid,261.2221,%,-1,,0,0,0,0,0,0,100,
Linoleic acid,59.0134,%,-1,,0,0,0,0,0,0,100,
Linoleic acid/d4,265.2472,%,-1,,0,0,0,0,0,0,100,
Linoleic acid/d4,59.0134,%,-1,,0,0,0,0,0,0,100,
Linoleic acid/d11,272.2912,%,-1,,0,0,0,0,0,0,100,
Linoleic acid/d11,59.0134,%,-1,,0,0,0,0,0,0,100,
LTB4,317.2119,%,-1,,0,0,0,0,0,0,100,
LTB4,273.2221,%,-1,,0,0,0,0,0,0,100,
LTB4,195.1025,%,-1,,0,0,0,0,0,0,100,
LTB4,151.1127,%,-1,,0,0,0,0,0,0,100,
LTB4,129.0556,%,-1,,0,0,0,0,0,0,100,
LTB4,71.0135,%,-1,,0,0,0,0,0,0,100,
LTB4,59.0135,%,-1,,0,0,0,0,0,0,100,
LTB4/d4,321.237,%,-1,,0,0,0,0,0,0,100,
LTB4/d4,277.2472,%,-1,,0,0,0,0,0,0,100,
LTB4/d4,197.1151,%,-1,,0,0,0,0,0,0,100,
LTB4/d4,153.1253,%,-1,,0,0,0,0,0,0,100,
LTB4/d4,130.0619,%,-1,,0,0,0,0,0,0,100,
LTB4/d4,71.0135,%,-1,,0,0,0,0,0,0,100,
LTB4/d4,59.0135,%,-1,,0,0,0,0,0,0,100,
LTC4,606.2861,%,-1,,0,0,0,0,0,0,100,
LTC4,508.2489,%,-1,,0,0,0,0,0,0,100,
LTC4,306.0768,%,-1,,0,0,0,0,0,0,100,
LTC4,288.0663,%,-1,,0,0,0,0,0,0,100,
LTC4,272.089,%,-1,,0,0,0,0,0,0,100,
LTC4,254.0785,%,-1,,0,0,0,0,0,0,100,
LTC4,210.0887,%,-1,,0,0,0,0,0,0,100,
LTC4,143.0464,%,-1,,0,0,0,0,0,0,100,
LTC4,128.0355,%,-1,,0,0,0,0,0,0,100,
LTC4/d5,611.3175,%,-1,,0,0,0,0,0,0,100,
LTC4/d5,513.2803,%,-1,,0,0,0,0,0,0,100,
LTC4/d5,306.0768,%,-1,,0,0,0,0,0,0,100,
LTC4/d5,288.0663,%,-1,,0,0,0,0,0,0,100,
LTC4/d5,272.089,%,-1,,0,0,0,0,0,0,100,
LTC4/d5,254.0785,%,-1,,0,0,0,0,0,0,100,
LTC4/d5,210.0887,%,-1,,0,0,0,0,0,0,100,
LTC4/d5,143.0464,%,-1,,0,0,0,0,0,0,100,
LTC4/d5,128.0355,%,-1,,0,0,0,0,0,0,100,
LTD4,477.243,%,-1,,0,0,0,0,0,0,100,
LTD4,333.1895,%,-1,,0,0,0,0,0,0,100,
LTD4,289.1996,%,-1,,0,0,0,0,0,0,100,
LTD4,235.1528,%,-1,,0,0,0,0,0,0,100,
LTD4,177.034,%,-1,,0,0,0,0,0,0,100,
LTD4,160.0201,%,-1,,0,0,0,0,0,0,100,
LTD4,143.0463,%,-1,,0,0,0,0,0,0,100,
LTD4,99.0565,%,-1,,0,0,0,0,0,0,100,
LTD4,58.0295,%,-1,,0,0,0,0,0,0,100,
LTD4/d5,482.2744,%,-1,,0,0,0,0,0,0,100,
LTD4/d5,338.2209,%,-1,,0,0,0,0,0,0,100,
LTD4/d5,294.231,%,-1,,0,0,0,0,0,0,100,
LTD4/d5,240.1842,%,-1,,0,0,0,0,0,0,100,
LTD4/d5,177.034,%,-1,,0,0,0,0,0,0,100,
LTD4/d5,160.0201,%,-1,,0,0,0,0,0,0,100,
LTD4/d5,143.0463,%,-1,,0,0,0,0,0,0,100,
LTD4/d5,99.0565,%,-1,,0,0,0,0,0,0,100,
LTD4/d5,58.0295,%,-1,,0,0,0,0,0,0,100,
Maresin 1,341.2121,%,-1,,0,0,0,0,0,0,100,
Maresin 1,297.2223,%,-1,,0,0,0,0,0,0,100,
Maresin 1,250.121,%,-1,,0,0,0,0,0,0,100,
Maresin 1,228.1518,%,-1,,0,0,0,0,0,0,100,
Maresin 1,177.1283,%,-1,,0,0,0,0,0,0,100,
Maresin 1,123.0815,%,-1,,0,0,0,0,0,0,100,
Maresin 1,113.0608,%,-1,,0,0,0,0,0,0,100,
Maresin 1,93.0345,%,-1,,0,0,0,0,0,0,100,
Maresin 1,59.0135,%,-1,,0,0,0,0,0,0,100,
Palmitic acid,237.2222,%,-1,,0,0,0,0,0,0,100,
Palmitic acid/d2,237.2222,%,-1,,0,0,0,0,0,0,100,
PGB2,315.1966,%,-1,,0,0,0,0,0,0,100,
PGB2,271.2068,%,-1,,0,0,0,0,0,0,100,
PGB2,235.1341,%,-1,,0,0,0,0,0,0,100,
PGB2,207.1029,%,-1,,0,0,0,0,0,0,100,
PGB2,175.113,%,-1,,0,0,0,0,0,0,100,
PGB2,163.113,%,-1,,0,0,0,0,0,0,100,
PGB2,113.0973,%,-1,,0,0,0,0,0,0,100,
PGB2,57.0342,%,-1,,0,0,0,0,0,0,100,
PGB2/d4,319.2217,%,-1,,0,0,0,0,0,0,100,
PGB2/d4,275.2319,%,-1,,0,0,0,0,0,0,100,
PGB2/d4,239.1592,%,-1,,0,0,0,0,0,0,100,
PGB2/d4,211.128,%,-1,,0,0,0,0,0,0,100,
PGB2/d4,179.1381,%,-1,,0,0,0,0,0,0,100,
PGB2/d4,167.1381,%,-1,,0,0,0,0,0,0,100,
PGB2/d4,113.0973,%,-1,,0,0,0,0,0,0,100,
PGB2/d4,57.0342,%,-1,,0,0,0,0,0,0,100,
PGD2,333.2072,%,-1,,0,0,0,0,0,0,100,
PGD2,315.1964,%,-1,,0,0,0,0,0,0,100,
PGD2,271.2065,%,-1,,0,0,0,0,0,0,100,
PGD2,251.1288,%,-1,,0,0,0,0,0,0,100,
PGD2,233.1182,%,-1,,0,0,0,0,0,0,100,
PGD2,203.1441,%,-1,,0,0,0,0,0,0,100,
PGD2,189.1283,%,-1,,0,0,0,0,0,0,100,
PGD2,121.0659,%,-1,,0,0,0,0,0,0,100,
PGD2/d4,337.2323,%,-1,,0,0,0,0,0,0,100,
PGD2/d4,319.2215,%,-1,,0,0,0,0,0,0,100,
PGD2/d4,275.2316,%,-1,,0,0,0,0,0,0,100,
PGD2/d4,255.1539,%,-1,,0,0,0,0,0,0,100,
PGD2/d4,237.1433,%,-1,,0,0,0,0,0,0,100,
PGD2/d4,203.1441,%,-1,,0,0,0,0,0,0,100,
PGD2/d4,193.1534,%,-1,,0,0,0,0,0,0,100,
PGD2/d4,121.0659,%,-1,,0,0,0,0,0,0,100,
PGE2,333.207,%,-1,,0,0,0,0,0,0,100,
PGE2,315.1962,%,-1,,0,0,0,0,0,0,100,
PGE2,289.2174,%,-1,,0,0,0,0,0,0,100,
PGE2,271.2064,%,-1,,0,0,0,0,0,0,100,
PGE2,235.1338,%,-1,,0,0,0,0,0,0,100,
PGE2,233.1181,%,-1,,0,0,0,0,0,0,100,
PGE2,189.1282,%,-1,,0,0,0,0,0,0,100,
PGE2,175.1127,%,-1,,0,0,0,0,0,0,100,
PGE2/d4,337.2321,%,-1,,0,0,0,0,0,0,100,
PGE2/d4,319.2213,%,-1,,0,0,0,0,0,0,100,
PGE2/d4,293.2425,%,-1,,0,0,0,0,0,0,100,
PGE2/d4,275.2315,%,-1,,0,0,0,0,0,0,100,
PGE2/d4,239.1589,%,-1,,0,0,0,0,0,0,100,
PGE2/d4,237.1432,%,-1,,0,0,0,0,0,0,100,
PGE2/d4,193.1533,%,-1,,0,0,0,0,0,0,100,
PGE2/d4,179.1378,%,-1,,0,0,0,0,0,0,100,
PGE2/d9,342.2631,%,-1,,0,0,0,0,0,0,100,
PGE2/d9,324.2529,%,-1,,0,0,0,0,0,0,100,
PGE2/d9,280.263,%,-1,,0,0,0,0,0,0,100,
PGE2/d9,233.1183,%,-1,,0,0,0,0,0,0,100,
PGE2/d9,226.2162,%,-1,,0,0,0,0,0,0,100,
PGE2/d9,189.1285,%,-1,,0,0,0,0,0,0,100,
PGE2/d9,175.1128,%,-1,,0,0,0,0,0,0,100,
PGE2/d9,122.1537,%,-1,,0,0,0,0,0,0,100,
PGE2/d9,59.0135,%,-1,,0,0,0,0,0,0,100,
PGF2alpha,309.2073,%,-1,,0,0,0,0,0,0,100,
PGF2alpha,291.1967,%,-1,,0,0,0,0,0,0,100,
PGF2alpha,247.2069,%,-1,,0,0,0,0,0,0,100,
PGF2alpha,209.1185,%,-1,,0,0,0,0,0,0,100,
PGF2alpha,193.1235,%,-1,,0,0,0,0,0,0,100,
PGF2alpha,171.1028,%,-1,,0,0,0,0,0,0,100,
PGF2alpha,165.1286,%,-1,,0,0,0,0,0,0,100,
PGF2alpha,83.0503,%,-1,,0,0,0,0,0,0,100,
PGF2alpha,59.0135,%,-1,,0,0,0,0,0,0,100,
PGF2alpha/d4,313.2324,%,-1,,0,0,0,0,0,0,100,
PGF2alpha/d4,295.2218,%,-1,,0,0,0,0,0,0,100,
PGF2alpha/d4,251.232,%,-1,,0,0,0,0,0,0,100,
PGF2alpha/d4,213.1436,%,-1,,0,0,0,0,0,0,100,
PGF2alpha/d4,197.1486,%,-1,,0,0,0,0,0,0,100,
PGF2alpha/d4,175.1279,%,-1,,0,0,0,0,0,0,100,
PGF2alpha/d4,169.1537,%,-1,,0,0,0,0,0,0,100,
PGF2alpha/d4,83.0503,%,-1,,0,0,0,0,0,0,100,
PGF2alpha/d4,59.0135,%,-1,,0,0,0,0,0,0,100,
PGI2,323.2228,%,-1,,0,0,0,0,0,0,100,
PGI2,315.1966,%,-1,,0,0,0,0,0,0,100,
PGI2,271.2069,%,-1,,0,0,0,0,0,0,100,
PGI2,215.1079,%,-1,,0,0,0,0,0,0,100,
PGI2,205.1599,%,-1,,0,0,0,0,0,0,100,
PGI2,187.1494,%,-1,,0,0,0,0,0,0,100,
PGI2,189.1286,%,-1,,0,0,0,0,0,0,100,
PGI2,105.0711,%,-1,,0,0,0,0,0,0,100,
PGI2,83.0503,%,-1,,0,0,0,0,0,0,100,
Resolvin D1,357.2066,%,-1,,0,0,0,0,0,0,100,
Resolvin D1,277.1443,%,-1,,0,0,0,0,0,0,100,
Resolvin D1,233.1545,%,-1,,0,0,0,0,0,0,100,
Resolvin D1,215.1439,%,-1,,0,0,0,0,0,0,100,
Resolvin D1,163.0764,%,-1,,0,0,0,0,0,0,100,
Resolvin D1,141.0557,%,-1,,0,0,0,0,0,0,100,
Resolvin D1,135.0814,%,-1,,0,0,0,0,0,0,100,
Resolvin D1,121.0658,%,-1,,0,0,0,0,0,0,100,
Resolvin D1,59.0135,%,-1,,0,0,0,0,0,0,100,
Resolvin D1/d5,362.238,%,-1,,0,0,0,0,0,0,100,
Resolvin D1/d5,277.1443,%,-1,,0,0,0,0,0,0,100,
Resolvin D1/d5,238.1859,%,-1,,0,0,0,0,0,0,100,
Resolvin D1/d5,220.1753,%,-1,,0,0,0,0,0,0,100,
Resolvin D1/d5,163.0764,%,-1,,0,0,0,0,0,0,100,
Resolvin D1/d5,141.0557,%,-1,,0,0,0,0,0,0,100,
Resolvin D1/d5,135.0814,%,-1,,0,0,0,0,0,0,100,
Resolvin D1/d5,121.0658,%,-1,,0,0,0,0,0,0,100,
Resolvin D1/d5,59.0135,%,-1,,0,0,0,0,0,0,100,
Resolvin D2,277.1446,%,-1,,0,0,0,0,0,0,100,
Resolvin D2,259.134,%,-1,,0,0,0,0,0,0,100,
Resolvin D2,215.1442,%,-1,,0,0,0,0,0,0,100,
Resolvin D2,175.0765,%,-1,,0,0,0,0,0,0,100,
Resolvin D2,141.0558,%,-1,,0,0,0,0,0,0,100,
Resolvin D2,135.0817,%,-1,,0,0,0,0,0,0,100,
Resolvin D2,113.0609,%,-1,,0,0,0,0,0,0,100,
Resolvin D2,69.0344,%,-1,,0,0,0,0,0,0,100,
Resolvin D2,59.0135,%,-1,,0,0,0,0,0,0,100,
Resolvin D2/d5,277.1446,%,-1,,0,0,0,0,0,0,100,
Resolvin D2/d5,259.134,%,-1,,0,0,0,0,0,0,100,
Resolvin D2/d5,215.1442,%,-1,,0,0,0,0,0,0,100,
Resolvin D2/d5,175.0765,%,-1,,0,0,0,0,0,0,100,
Resolvin D2/d5,141.0558,%,-1,,0,0,0,0,0,0,100,
Resolvin D2/d5,135.0817,%,-1,,0,0,0,0,0,0,100,
Resolvin D2/d5,113.0609,%,-1,,0,0,0,0,0,0,100,
Resolvin D2/d5,69.0344,%,-1,,0,0,0,0,0,0,100,
Resolvin D2/d5,59.0135,%,-1,,0,0,0,0,0,0,100,
Resolvin D3,357.2076,%,-1,,0,0,0,0,0,0,100,
Resolvin D3,199.1494,%,-1,,0,0,0,0,0,0,100,
Resolvin D3,147.118,%,-1,,0,0,0,0,0,0,100,
Resolvin D3,137.0973,%,-1,,0,0,0,0,0,0,100,
Resolvin D3,115.0402,%,-1,,0,0,0,0,0,0,100,
Resolvin D3,95.0504,%,-1,,0,0,0,0,0,0,100,
Resolvin D3,69.0344,%,-1,,0,0,0,0,0,0,100,
Resolvin D5,341.2122,%,-1,,0,0,0,0,0,0,100,
Resolvin D5,297.2225,%,-1,,0,0,0,0,0,0,100,
Resolvin D5,279.2119,%,-1,,0,0,0,0,0,0,100,
Resolvin D5,261.1497,%,-1,,0,0,0,0,0,0,100,
Resolvin D5,227.1443,%,-1,,0,0,0,0,0,0,100,
Resolvin D5,199.1494,%,-1,,0,0,0,0,0,0,100,
Resolvin D5,141.0558,%,-1,,0,0,0,0,0,0,100,
Resolvin D5,119.0867,%,-1,,0,0,0,0,0,0,100,
Resolvin D5,59.0135,%,-1,,0,0,0,0,0,0,100,
tetranor-12-HETE,221.1909,%,-1,,0,0,0,0,0,0,100,
tetranor-12-HETE,203.1804,%,-1,,0,0,0,0,0,0,100,
tetranor-12-HETE,165.1284,%,-1,,0,0,0,0,0,0,100,
tetranor-12-HETE,139.1127,%,-1,,0,0,0,0,0,0,100,
tetranor-12-HETE,109.0657,%,-1,,0,0,0,0,0,0,100,
tetranor-12-HETE,91.0553,%,-1,,0,0,0,0,0,0,100,
TXB1,327.2176,%,-1,,0,0,0,0,0,0,100,
TXB1,309.2072,%,-1,,0,0,0,0,0,0,100,
TXB1,291.1966,%,-1,,0,0,0,0,0,0,100,
TXB1,197.1182,%,-1,,0,0,0,0,0,0,100,
TXB1,193.1233,%,-1,,0,0,0,0,0,0,100,
TXB1,171.1025,%,-1,,0,0,0,0,0,0,100,
TXB1,127.1128,%,-1,,0,0,0,0,0,0,100,
TXB1,59.0135,%,-1,,0,0,0,0,0,0,100,
TXB2,351.2176,%,-1,,0,0,0,0,0,0,100,
TXB2,325.202,%,-1,,0,0,0,0,0,0,100,
TXB2,307.1915,%,-1,,0,0,0,0,0,0,100,
TXB2,289.1808,%,-1,,0,0,0,0,0,0,100,
TXB2,195.1026,%,-1,,0,0,0,0,0,0,100,
TXB2,177.0921,%,-1,,0,0,0,0,0,0,100,
TXB2,169.0868,%,-1,,0,0,0,0,0,0,100,
TXB2,151.1128,%,-1,,0,0,0,0,0,0,100,
TXB2,125.0972,%,-1,,0,0,0,0,0,0,100,
TXB2/d4,355.2427,%,-1,,0,0,0,0,0,0,100,
TXB2/d4,329.2271,%,-1,,0,0,0,0,0,0,100,
TXB2/d4,311.2166,%,-1,,0,0,0,0,0,0,100,
TXB2/d4,293.2059,%,-1,,0,0,0,0,0,0,100,
TXB2/d4,199.1277,%,-1,,0,0,0,0,0,0,100,
TXB2/d4,181.1172,%,-1,,0,0,0,0,0,0,100,
TXB2/d4,173.1119,%,-1,,0,0,0,0,0,0,100,
TXB2/d4,155.1379,%,-1,,0,0,0,0,0,0,100,
TXB2/d4,129.1223,%,-1,,0,0,0,0,0,0,100,
TXB3,349.2021,%,-1,,0,0,0,0,0,0,100,
TXB3,323.186,%,-1,,0,0,0,0,0,0,100,
TXB3,287.1652,%,-1,,0,0,0,0,0,0,100,
TXB3,195.1024,%,-1,,0,0,0,0,0,0,100,
TXB3,177.0919,%,-1,,0,0,0,0,0,0,100,
TXB3,169.0869,%,-1,,0,0,0,0,0,0,100,
TXB3,151.1126,%,-1,,0,0,0,0,0,0,100,
TXB3,125.0971,%,-1,,0,0,0,0,0,0,100,
TXB3,69.0342,%,-1,,0,0,0,0,0,0,100,
BMP,HG(GP),images/MS2/Phospholipids/BMP/BMP_pos_HG(GP).png,1,HG,-3,-6,-3,0,0,0,100,
BMP,HG(GPG),images/MS2/Phospholipids/BMP/BMP_pos_HG(GPG).png,1,HG,0,-2,-2,0,0,0,100,
BMP,NL(NH3),images/MS2/Phospholipids/BMP/BMP_pos_pre.png,1,HG;FA1;FA2,0,0,0,0,0,0,100,
BMP,NL(2H2O),images/MS2/Phospholipids/BMP/BMP_pos_NL(2H2O).png,1,HG;FA1;FA2,0,-4,-2,0,0,0,100,
BMP,NL(GP),images/MS2/Phospholipids/BMP/BMP_pos_NL(GP).png,1,HG;FA1;FA2,-3,-9,-6,0,-1,0,100,
BMP,FA1',images/MS2/Phospholipids/BMP/BMP_pos_FA1'.png,1,FA2,6,10,6,0,1,0,100,
BMP,FA2',images/MS2/Phospholipids/BMP/BMP_pos_FA2'.png,1,FA1,6,10,6,0,1,0,100,
BMP,FA1 + GP,images/MS2/Phospholipids/BMP/BMP_pos_FA1+GP.png,1,FA1,3,4,4,0,1,0,100,
BMP,FA2 + GP,images/MS2/Phospholipids/BMP/BMP_pos_FA2+GP.png,1,FA2,3,4,4,0,1,0,100,
BMP,FA1 + G,images/MS2/Phospholipids/BMP/BMP_pos_FA1+G.png,1,FA1,3,5,2,0,0,0,100,
BMP,FA2 + G,images/MS2/Phospholipids/BMP/BMP_pos_FA2+G.png,1,FA2,3,5,2,0,0,0,100,
BMP,FA1 + G - H2O,images/MS2/Phospholipids/BMP/BMP_pos_FA1+G-H2O.png,1,FA1,3,3,1,0,0,0,100,
BMP,FA2 + G - H2O,images/MS2/Phospholipids/BMP/BMP_pos_FA2+G-H2O.png,1,FA2,3,3,1,0,0,0,100,
BMP,FA1,images/MS2/Phospholipids/BMP/BMP_pos_FA1.png,1,FA1,0,-1,0,0,0,0,100,
BMP,FA2,images/MS2/Phospholipids/BMP/BMP_pos_FA2.png,1,FA2,0,-1,0,0,0,0,100,
BMP,GP,images/MS2/Phospholipids/BMP/BMP_neg_GP.png,-1,HG,-3,-6,-3,0,0,0,100,
BMP,HG(GPG) - H2O,images/MS2/Phospholipids/BMP/BMP_neg_HG(GPG)-H2O.png,-1,HG,0,-2,-2,0,0,0,100,
BMP,HG(GPG),images/MS2/Phospholipids/BMP/BMP_neg_HG(GPG).png,-1,HG,0,0,-1,0,0,0,100,
BMP,P,images/MS2/Phospholipids/BMP/BMP_neg_P.png,-1,HG,-6,-12,-5,0,0,0,100,
BMP,PO,images/MS2/Phospholipids/BMP/BMP_neg_PO.png,-1,HG,-6,-10,-4,0,0,0,100,
BMP,NL([adduct]),images/MS2/Phospholipids/BMP/BMP_neg_NL(adduct).png,-1,HG;FA1;FA2,0,0,0,0,0,0,100,
BMP,FA1,images/MS2/Phospholipids/BMP/BMP_neg_FA1.png,-1,FA1,0,1,1,0,0,0,100,
BMP,FA2,images/MS2/Phospholipids/BMP/BMP_neg_FA2.png,-1,FA2,0,1,1,0,0,0,100,
BMP,FA1 + GP,images/MS2/Phospholipids/BMP/BMP_neg_FA1+GP.png,-1,FA1,3,8,6,0,1,0,100,
BMP,FA2 + GP,images/MS2/Phospholipids/BMP/BMP_neg_FA2+GP.png,-1,FA2,3,8,6,0,1,0,100,
BMP,FA1 + GP - H2O,images/MS2/Phospholipids/BMP/BMP_neg_FA1+GP-H2O.png,-1,FA1,3,6,5,0,1,0,100,
BMP,FA2 + GP - H2O,images/MS2/Phospholipids/BMP/BMP_neg_FA2+GP-H2O.png,-1,FA2,3,6,5,0,1,0,100,
BMP,FA1 + GPG,images/MS2/Phospholipids/BMP/BMP_neg_FA1+GPG.png,-1,FA1,6,14,8,0,1,0,100,
BMP,FA2 + GPG,images/MS2/Phospholipids/BMP/BMP_neg_FA2+GPG.png,-1,FA2,6,14,8,0,1,0,100,
BMP,FA1 + GPG - H2O,images/MS2/Phospholipids/BMP/BMP_neg_FA1+GPG-H2O.png,-1,FA1,6,12,7,0,1,0,100,
BMP,FA2 + GPG - H2O,images/MS2/Phospholipids/BMP/BMP_neg_FA2+GPG-H2O.png,-1,FA2,6,12,7,0,1,0,100,
CDPDAG,HG(CDP),images/MS2/Phospholipids/CDP-DAG/CDP-DAG_pos_HG(CDP).png,1,HG,-3,-4,-2,0,0,0,100,
CDPDAG,HG(CDP) - H2O,images/MS2/Phospholipids/CDP-DAG/CDP-DAG_pos_HG(CDP)-H2O.png,1,HG,-3,-6,-3,0,0,0,100,
CDPDAG,HG(CP),images/MS2/Phospholipids/CDP-DAG/CDP-DAG_pos_HG(CP).png,1,HG,-3,-5,-5,0,-1,0,100,
CDPDAG,HG(CP) - H2O,images/MS2/Phospholipids/CDP-DAG/CDP-DAG_pos_HG(CP)-H2O.png,1,HG,-3,-7,-6,0,-1,0,100,
CDPDAG,HG(C),images/MS2/Phospholipids/CDP-DAG/CDP-DAG_pos_HG(C).png,1,HG,-3,-10,-10,0,-2,0,100,
CDPDAG,HG(C'),images/MS2/Phospholipids/CDP-DAG/CDP-DAG_pos_HG(C').png,1,HG,-8,-14,-12,0,-2,0,100,
CDPDAG,NL(CDP),images/MS2/Phospholipids/CDP-DAG/CDP-DAG_pos_NL(CDP).png,1,HG;FA1;FA2,-9,-15,-11,-3,-2,0,100,
CDPDAG,FA1',images/MS2/Phospholipids/CDP-DAG/CDP-DAG_pos_FA1'.png,1,FA2,12,20,13,3,2,0,100,
CDPDAG,FA2',images/MS2/Phospholipids/CDP-DAG/CDP-DAG_pos_FA2'.png,1,FA1,12,20,13,3,2,0,100,
CDPDAG,HG(CDP),images/MS2/Phospholipids/CDP-DAG/CDP-DAG_neg_HG(CDP).png,-1,HG,-3,-4,-2,0,0,0,100,
CDPDAG,HG(CDP) - H2O,images/MS2/Phospholipids/CDP-DAG/CDP-DAG_neg_HG(CDP)-H2O.png,-1,HG,-3,-6,-3,0,0,0,100,
CDPDAG,HG(CP),images/MS2/Phospholipids/CDP-DAG/CDP-DAG_neg_HG(CP).png,-1,HG,-3,-5,-5,0,-1,0,100,
CDPDAG,HG(CP) - H2O,images/MS2/Phospholipids/CDP-DAG/CDP-DAG_neg_HG(CP)-H2O.png,-1,HG,-3,-7,-6,0,-1,0,100,
CDPDAG,HG(C'),images/MS2/Phospholipids/CDP-DAG/CDP-DAG_neg_HG(C').png,-1,HG,-8,-14,-12,0,-2,0,100,
CDPDAG,HG(CDP) - HG(C') - H2O,images/MS2/Phospholipids/CDP-DAG/CDP-DAG_neg_HG(CDP)-HG(C')H2O.png,-1,HG,-7,-11,-4,-3,0,0,100,
CDPDAG,P,images/MS2/Phospholipids/CDP-DAG/CDP-DAG_neg_P.png,-1,HG,-12,-18,-10,-3,-1,0,100,
CDPDAG,PO,images/MS2/Phospholipids/CDP-DAG/CDP-DAG_neg_PO.png,-1,HG,-12,-16,-9,-3,-1,0,100,
CDPDAG,2PO,images/MS2/Phospholipids/CDP-DAG/CDP-DAG_neg_2PO.png,-1,HG,-12,-17,-7,-3,0,0,100,
CDPDAG,NL(C),images/MS2/Phospholipids/CDP-DAG/CDP-DAG_neg_NL(C).png,-1,HG;FA1;FA2,-9,-13,-5,-3,0,0,100,
CDPDAG,FA1,images/MS2/Phospholipids/CDP-DAG/CDP-DAG_neg_FA1.png,-1,FA1,0,1,1,0,0,0,100,
CDPDAG,FA2,images/MS2/Phospholipids/CDP-DAG/CDP-DAG_neg_FA2.png,-1,FA2,0,1,1,0,0,0,100,
CDPDAG,FA1',images/MS2/Phospholipids/CDP-DAG/CDP-DAG_neg_FA1'.png,-1,FA2,12,18,12,3,2,0,100,
CDPDAG,FA2',images/MS2/Phospholipids/CDP-DAG/CDP-DAG_neg_FA2'.png,-1,FA1,12,18,12,3,2,0,100,
CDPDAG,FA1' + O,images/MS2/Phospholipids/CDP-DAG/CDP-DAG_neg_FA1'+O.png,-1,FA2,12,20,13,3,2,0,100,
CDPDAG,FA2' + O,images/MS2/Phospholipids/CDP-DAG/CDP-DAG_neg_FA2'+O.png,-1,FA1,12,20,13,3,2,0,100,
CDPDAG,FA1' - HG(C),images/MS2/Phospholipids/CDP-DAG/CDP-DAG_neg_FA1'-HG(C).png,-1,FA2,3,7,8,0,2,0,100,
CDPDAG,FA2' - HG(C),images/MS2/Phospholipids/CDP-DAG/CDP-DAG_neg_FA2'-HG(C).png,-1,FA1,3,7,8,0,2,0,100,
CDPDAG,FA1' - HG(C) - H2O,images/MS2/Phospholipids/CDP-DAG/CDP-DAG_neg_FA1'-HG(C)-H2O.png,-1,FA2,3,5,7,0,2,0,100,
CDPDAG,FA2' - HG(C) - H2O,images/MS2/Phospholipids/CDP-DAG/CDP-DAG_neg_FA2'-HG(C)-H2O.png,-1,FA1,3,5,7,0,2,0,100,
CDPDAG,FA1' - HG(CP),images/MS2/Phospholipids/CDP-DAG/CDP-DAG_neg_FA1'-HG(CP).png,-1,FA2,3,6,5,0,1,0,100,
CDPDAG,FA2' - HG(CP),images/MS2/Phospholipids/CDP-DAG/CDP-DAG_neg_FA2'-HG(CP).png,-1,FA1,3,6,5,0,1,0,100,
Cer,NL(H2O),images/MS2/Sphingolipids/Cer/Cer_pos_NL.png,1,HG;LCB;FA,0,-2,-1,0,0,0,2,
Cer,W',images/MS2/Sphingolipids/Cer/Cer_pos_W'.png,1,LCB,0,-1,-1,0,0,0,16,-2
Cer,W'',images/MS2/Sphingolipids/Cer/Cer_pos_W''.png,1,LCB,0,-3,-2,0,0,0,100,-4
Cer,W' - CHO,images/MS2/Sphingolipids/Cer/Cer_pos_W'-CHO.png,1,LCB,-1,-3,-2,0,0,0,10,-4
Cer,NL([adduct]),images/MS2/Sphingolipids/Cer/Cer_neg_NL.png,-1,HG;LCB;FA,0,0,0,0,0,0,5,
Cer,F,images/MS2/Sphingolipids/Cer/Cer_neg_F.png,-1,LCB,0,-4,-1,-1,0,0,100,-5
Cer,V',images/MS2/Sphingolipids/Cer/Cer_neg_V'.png,-1,LCB,-1,-1,-1,0,0,0,100,-2
Cer,J,images/MS2/Sphingolipids/Cer/Cer_neg_J.png,-1,LCB,-2,-6,-1,-1,0,0,100,-7
Cer,S,images/MS2/Sphingolipids/Cer/Cer_neg_S.png,-1,FA,2,4,0,1,0,0,100,
Cer,V,images/MS2/Sphingolipids/Cer/Cer_neg_V.png,-1,FA,0,2,0,1,0,0,100,
Cer,T,images/MS2/Sphingolipids/Cer/Cer_neg_T.png,-1,FA,2,4,1,1,0,0,100,
CerP,NL(H3PO4),images/MS2/Sphingolipids/CerP/CerP_pos_NL(H3PO4).png,1,HG;LCB;FA,0,-3,-4,0,-1,0,100,
CerP,NL(H3PO4 + H2O),images/MS2/Sphingolipids/CerP/CerP_pos_NL(H3PO4+H2O).png,1,HG;LCB;FA,0,-5,-5,0,-1,0,100,
CerP,W'',images/MS2/Sphingolipids/CerP/CerP_pos_W''.png,1,LCB,0,-3,-2,0,0,0,100,-4
CerP,P,images/MS2/Sphingolipids/CerP/CerP_neg_P.png,-1,HG,0,0,0,0,0,0,100,
CerP,P + H2O,images/MS2/Sphingolipids/CerP/CerP_neg_PO.png,-1,HG,0,2,1,0,0,0,100,
EPC,NL(PE),images/MS2/Sphingolipids/CerPE/CerPE_pos_NL.png,1,HG;LCB;FA,-2,-8,-4,-1,-1,0,100,
EPC,W',images/MS2/Sphingolipids/CerPE/CerPE_pos_W'.png,1,LCB,0,-1,-1,0,0,0,100,-2
EPC,W'',images/MS2/Sphingolipids/CerPE/CerPE_pos_W''.png,1,LCB,0,-3,-2,0,0,0,100,-4
IPC,P,images/MS2/Sphingolipids/CerPI/CerPI_neg_P.png,-1,HG,-6,-10,-5,0,0,0,100,
IPC,HG(PI),images/MS2/Sphingolipids/CerPI/CerPI_neg_HG(PI).png,-1,HG,0,0,0,0,0,0,100,
IPC,HG(PI) + H2O,images/MS2/Sphingolipids/CerPI/CerPI_neg_HG(PI)+H2O.png,-1,HG,0,2,1,0,0,0,100,
IPC,NL(I),images/MS2/Sphingolipids/CerPI/CerPI_neg_NL.png,-1,HG;LCB;FA,-6,-12,-6,0,0,0,100,
IPC,LCB - N,images/MS2/Sphingolipids/CerPI/CerPI_neg_LCB-N.png,-1,LCB,0,-4,-1,-1,0,0,100,-5
IPC,LCB - N - C2H4,images/MS2/Sphingolipids/CerPI/CerPI_neg_LCB-N-C2H4.png,-1,LCB,-2,-8,-1,-1,0,0,100,-9
Ch,GP,images/MS2/Cholesterols/Ch/Ch_pos_HG.png,1,HG,0,-2,-1,0,0,0,100,
ChE,GP,images/MS2/Cholesterols/ChE/ChE_pos_HG.png,1,HG,0,-1,-1,0,0,0,100,
CL,FA1,images/MS2/Phospholipids/CL/CL_neg_FA1.png,-1,FA1,0,1,1,0,0,0,100,
CL,FA2,images/MS2/Phospholipids/CL/CL_neg_FA2.png,-1,FA2,0,1,1,0,0,0,100,
CL,FA3,images/MS2/Phospholipids/CL/CL_neg_FA3.png,-1,FA3,0,1,1,0,0,0,100,
CL,FA4,images/MS2/Phospholipids/CL/CL_neg_FA4.png,-1,FA4,0,1,1,0,0,0,100,
CL,FA1' [-1],images/MS2/Phospholipids/CL/CL_neg_FA1'_-1.png,-1,FA2;FA3;FA4,9,17,12,0,2,0,100,
CL,FA2' [-1],images/MS2/Phospholipids/CL/CL_neg_FA2'_-1.png,-1,FA1;FA3;FA4,9,17,12,0,2,0,100,
CL,FA3' [-1],images/MS2/Phospholipids/CL/CL_neg_FA3'_-1.png,-1,FA1;FA2;FA4,9,17,12,0,2,0,100,
CL,FA4' [-1],images/MS2/Phospholipids/CL/CL_neg_FA4'_-1.png,-1,FA1;FA2;FA3,9,17,12,0,2,0,100,
CL,FA1' [-2],images/MS2/Phospholipids/CL/CL_neg_FA1'_-2.png,-2,FA2;FA3;FA4,9,17,12,0,2,0,100,
CL,FA2' [-2],images/MS2/Phospholipids/CL/CL_neg_FA2'_-2.png,-2,FA1;FA3;FA4,9,17,12,0,2,0,100,
CL,FA3' [-2],images/MS2/Phospholipids/CL/CL_neg_FA3'_-2.png,-2,FA1;FA2;FA4,9,17,12,0,2,0,100,
CL,FA4' [-2],images/MS2/Phospholipids/CL/CL_neg_FA4'_-2.png,-2,FA1;FA2;FA3,9,17,12,0,2,0,100,
CL,FA1' + O[-1],images/MS2/Phospholipids/CL/CL_neg_FA1'+O_-1.png,-1,FA2;FA3;FA4,9,19,13,0,2,0,100,
CL,FA2' + O[-1],images/MS2/Phospholipids/CL/CL_neg_FA2'+O_-1.png,-1,FA1;FA3;FA4,9,19,13,0,2,0,100,
CL,FA3' + O[-1],images/MS2/Phospholipids/CL/CL_neg_FA3'+O_-1.png,-1,FA1;FA2;FA4,9,19,13,0,2,0,100,
CL,FA4' + O[-1],images/MS2/Phospholipids/CL/CL_neg_FA4'+O_-1.png,-1,FA1;FA2;FA3,9,19,13,0,2,0,100,
CL,FA1' + O[-2],images/MS2/Phospholipids/CL/CL_neg_FA1'+O_-2.png,-2,FA2;FA3;FA4,9,19,13,0,2,0,100,
CL,FA2' + O[-2],images/MS2/Phospholipids/CL/CL_neg_FA2'+O_-2.png,-2,FA1;FA3;FA4,9,19,13,0,2,0,100,
CL,FA3' + O[-2],images/MS2/Phospholipids/CL/CL_neg_FA3'+O_-2.png,-2,FA1;FA2;FA4,9,19,13,0,2,0,100,
CL,FA4' + O[-2],images/MS2/Phospholipids/CL/CL_neg_FA4'+O_-2.png,-2,FA1;FA2;FA3,9,19,13,0,2,0,100,
CL,(FA1 + 2)' + O [-1],images/MS2/Phospholipids/CL/CL_neg_(FA1+2)'+O_-1.png,-1,FA3;FA4,9,18,12,0,2,0,100,
CL,(FA1 + 3)' + O [-1],images/MS2/Phospholipids/CL/CL_neg_(FA1+3)'+O_-1.png,-1,FA2;FA4,9,18,12,0,2,0,100,
CL,(FA1 + 4)' + O [-1],images/MS2/Phospholipids/CL/CL_neg_(FA1+4)'+O_-1.png,-1,FA2;FA3,9,18,12,0,2,0,100,
CL,(FA2 + 3)' + O [-1],images/MS2/Phospholipids/CL/CL_neg_(FA2+3)'+O_-1.png,-1,FA1;FA4,9,18,12,0,2,0,100,
CL,(FA2 + 4)' + O [-1],images/MS2/Phospholipids/CL/CL_neg_(FA2+4)'+O_-1.png,-1,FA1;FA3,9,18,12,0,2,0,100,
CL,(FA3 + 4)' + O [-1],images/MS2/Phospholipids/CL/CL_neg_(FA3+4)'+O_-1.png,-1,FA1;FA2,9,18,12,0,2,0,100,
CL,(FA1 + 2)' + O [-2],images/MS2/Phospholipids/CL/CL_neg_(FA1+2)'+O_-2.png,-2,FA3;FA4,9,18,12,0,2,0,100,
CL,(FA1 + 3)' + O [-2],images/MS2/Phospholipids/CL/CL_neg_(FA1+3)'+O_-2.png,-2,FA2;FA4,9,18,12,0,2,0,100,
CL,(FA1 + 4)' + O [-2],images/MS2/Phospholipids/CL/CL_neg_(FA1+4)'+O_-2.png,-2,FA2;FA3,9,18,12,0,2,0,100,
CL,(FA2 + 3)' + O [-2],images/MS2/Phospholipids/CL/CL_neg_(FA2+3)'+O_-2.png,-2,FA1;FA4,9,18,12,0,2,0,100,
CL,(FA2 + 4)' + O [-2],images/MS2/Phospholipids/CL/CL_neg_(FA2+4)'+O_-2.png,-2,FA1;FA3,9,18,12,0,2,0,100,
CL,(FA3 + 4)' + O [-2],images/MS2/Phospholipids/CL/CL_neg_(FA3+4)'+O_-2.png,-2,FA1;FA2,9,18,12,0,2,0,100,
CL,(FA1 + 2)' + 2O [-1],images/MS2/Phospholipids/CL/CL_neg_(FA1+2)'+2O_-1.png,-1,FA3;FA4,9,20,13,0,2,0,100,
CL,(FA1 + 3)' + 2O [-1],images/MS2/Phospholipids/CL/CL_neg_(FA1+3)'+2O_-1.png,-1,FA2;FA4,9,20,13,0,2,0,100,
CL,(FA1 + 4)' + 2O [-1],images/MS2/Phospholipids/CL/CL_neg_(FA1+4)'+2O_-1.png,-1,FA2;FA3,9,20,13,0,2,0,100,
CL,(FA2 + 3)' + 2O [-1],images/MS2/Phospholipids/CL/CL_neg_(FA2+3)'+2O_-1.png,-1,FA1;FA4,9,20,13,0,2,0,100,
CL,(FA2 + 4)' + 2O [-1],images/MS2/Phospholipids/CL/CL_neg_(FA2+4)'+2O_-1.png,-1,FA1;FA3,9,20,13,0,2,0,100,
CL,(FA3 + 4)' + 2O [-1],images/MS2/Phospholipids/CL/CL_neg_(FA3+4)'+2O_-1.png,-1,FA1;FA2,9,20,13,0,2,0,100,
CL,(FA1 + 2)' + 2O [-2],images/MS2/Phospholipids/CL/CL_neg_(FA1+2)'+2O_-2.png,-2,FA3;FA4,9,20,13,0,2,0,100,
CL,(FA1 + 3)' + 2O [-2],images/MS2/Phospholipids/CL/CL_neg_(FA1+3)'+2O_-2.png,-2,FA2;FA4,9,20,13,0,2,0,100,
CL,(FA1 + 4)' + 2O [-2],images/MS2/Phospholipids/CL/CL_neg_(FA1+4)'+2O_-2.png,-2,FA2;FA3,9,20,13,0,2,0,100,
CL,(FA2 + 3)' + 2O [-2],images/MS2/Phospholipids/CL/CL_neg_(FA2+3)'+2O_-2.png,-2,FA1;FA4,9,20,13,0,2,0,100,
CL,(FA2 + 4)' + 2O [-2],images/MS2/Phospholipids/CL/CL_neg_(FA2+4)'+2O_-2.png,-2,FA1;FA3,9,20,13,0,2,0,100,
CL,(FA3 + 4)' + 2O [-2],images/MS2/Phospholipids/CL/CL_neg_(FA3+4)'+2O_-2.png,-2,FA1;FA2,9,20,13,0,2,0,100,
CL,(FA1 + 2) + P,images/MS2/Phospholipids/CL/CL_neg_(FA1+2)+P.png,-1,FA1;FA2,6,11,7,0,1,0,100,
CL,(FA3 + 4) + P,images/MS2/Phospholipids/CL/CL_neg_(FA1+2)+P.png,-1,FA3;FA4,6,11,7,0,1,0,100,
CL,(FA1 + 2) + 2P,images/MS2/Phospholipids/CL/CL_neg_(FA1+2)+2P.png,-1,FA1;FA2,6,12,10,0,2,0,100,
CL,(FA3 + 4) + 2P,images/MS2/Phospholipids/CL/CL_neg_FA(3+4)+2P.png,-1,FA3;FA4,6,12,10,0,2,0,100,
CL,PA(1 + 2),images/MS2/Phospholipids/CL/CL_neg_PA(1+2).png,-1,FA1;FA2,3,7,6,0,1,0,100,
CL,PA(3 + 4),images/MS2/Phospholipids/CL/CL_neg_PA(3+4).png,-1,FA3;FA4,3,7,6,0,1,0,100,
CL,LPA(1),images/MS2/Phospholipids/CL/CL_neg_LPA(FA1).png,-1,FA1,3,8,6,0,1,0,100,
CL,LPA(2),images/MS2/Phospholipids/CL/CL_neg_LPA(FA2).png,-1,FA2,3,8,6,0,1,0,100,
CL,LPA(3),images/MS2/Phospholipids/CL/CL_neg_LPA(FA3).png,-1,FA3,3,8,6,0,1,0,100,
CL,LPA(4),images/MS2/Phospholipids/CL/CL_neg_LPA(FA4).png,-1,FA4,3,8,6,0,1,0,100,
DAG,NL(H2O),images/MS2/Glycerolipids/DG/DG_pos_NL.png,1,HG;FA1;FA2,0,-2,-1,0,0,0,100,
DAG,FA1',images/MS2/Glycerolipids/DG/DG_pos_FA1'.png,1,FA2,3,5,2,0,0,0,100,
DAG,FA2',images/MS2/Glycerolipids/DG/DG_pos_FA2'.png,1,FA1,3,5,2,0,0,0,100,
DGDG,NL(NH3),images/MS2/Glycerolipids/DGDG/DGDG_pos_NL.png,1,HG;FA1;FA2,0,0,0,0,0,0,100,
DGDG,Y0,images/MS2/Glycerolipids/DGDG/DGDG_pos_Y0.png,1,HG;FA1;FA2,-12,-20,-10,0,0,0,100,
DGDG,Y1,images/MS2/Glycerolipids/DGDG/DGDG_pos_Y1.png,1,HG;FA1;FA2,-6,-10,-5,0,0,0,100,
DGDG,Z0,images/MS2/Glycerolipids/DGDG/DGDG_pos_Z0.png,1,HG;FA1;FA2,-12,-22,-11,0,0,0,100,
DGDG,Z0 - FA1,images/MS2/Glycerolipids/DGDG/DGDG_pos_Z0-FA1.png,1,FA2,3,5,2,0,0,0,100,
DGDG,Z0 - FA2,images/MS2/Glycerolipids/DGDG/DGDG_pos_Z0-FA2.png,1,FA1,3,5,2,0,0,0,100,
DGDG,HG(DGDG),images/MS2/Glycerolipids/DGDG/DGDG_neg_HG(DGDG).png,-1,HG,0,2,0,0,0,0,100,
DGDG,HG(DGDG - H2O),images/MS2/Glycerolipids/DGDG/DGDG_neg_HG(DGDG-H2O).png,-1,HG,0,0,-1,0,0,0,100,
DGDG,HG(DGDG - 2 * H2O),images/MS2/Glycerolipids/DGDG/DGDG_neg_HG(DGDG-2H2O).png,-1,HG,0,-2,-2,0,0,0,100,
DGDG,NL([adduct]),images/MS2/Glycerolipids/DGDG/DGDG_neg_NL.png,-1,HG;FA1;FA2,0,0,0,0,0,0,100,
DGDG,FA1,images/MS2/Glycerolipids/DGDG/DGDG_neg_FA1.png,-1,FA1,0,1,1,0,0,0,100,
DGDG,FA2,images/MS2/Glycerolipids/DGDG/DGDG_neg_FA2.png,-1,FA2,0,1,1,0,0,0,100,
DGDG,FA1',images/MS2/Glycerolipids/DGDG/DGDG_neg_FA1'.png,-1,FA2,15,25,12,0,0,0,100,
DGDG,FA2',images/MS2/Glycerolipids/DGDG/DGDG_neg_FA2'.png,-1,FA1,15,25,12,0,0,0,100,
DGDG,FA1' + O,images/MS2/Glycerolipids/DGDG/DGDG_neg_FA1'+O.png,-1,FA2,15,27,13,0,0,0,100,
DGDG,FA2' + O,images/MS2/Glycerolipids/DGDG/DGDG_neg_FA2'+O.png,-1,FA1,15,27,13,0,0,0,100,
DMPE,HG(DMPE),images/MS2/Phospholipids/DMPE/DMPE_pos_HG(DMPE).png,1,HG,-3,-4,-2,0,0,0,100,
DMPE,NL(DMPE),images/MS2/Phospholipids/DMPE/DMPE_pos_NL(DMPE).png,1,HG;FA1;FA2,-4,-12,-4,-1,-1,0,100,
DMPE,FA1,images/MS2/Phospholipids/DMPE/DMPE_pos_FA1.png,1,FA1,0,-1,0,0,0,0,100,
DMPE,FA2,images/MS2/Phospholipids/DMPE/DMPE_pos_FA2.png,1,FA2,0,-1,0,0,0,0,100,
DMPE,FA1' - H2O,images/MS2/Phospholipids/DMPE/DMPE_pos_FA1'-H2O.png,1,FA2,7,15,5,1,1,0,100,
DMPE,FA2' - H2O,images/MS2/Phospholipids/DMPE/DMPE_pos_FA2'-H2O.png,1,FA1,7,15,5,1,1,0,100,
DMPE,FA1',images/MS2/Phospholipids/DMPE/DMPE_pos_FA1'.png,1,FA2,7,17,6,1,1,0,100,
DMPE,FA2',images/MS2/Phospholipids/DMPE/DMPE_pos_FA2'.png,1,FA1,7,17,6,1,1,0,100,
DMPE,FA1 + G,images/MS2/Phospholipids/DMPE/DMPE_pos_FA1+G.png,1,FA1,3,5,2,0,0,0,100,
DMPE,FA2 + G,images/MS2/Phospholipids/DMPE/DMPE_pos_FA2+G.png,1,FA2,3,5,2,0,0,0,100,
DMPE,FA1 + G - H2O,images/MS2/Phospholipids/DMPE/DMPE_pos_FA1+G-H2O.png,1,FA1,3,3,1,0,0,0,100,
DMPE,FA2 + G - H2O,images/MS2/Phospholipids/DMPE/DMPE_pos_FA2+G-H2O.png,1,FA2,3,3,1,0,0,0,100,
DMPE,P,images/MS2/Phospholipids/DMPE/DMPE_neg_P.png,-1,HG,-7,-15,-3,-1,0,0,100,
DMPE,HG(DMPE),images/MS2/Phospholipids/DMPE/DMPE_neg_HG(DMPE).png,-1,HG,-3,-4,-2,0,0,0,100,
DMPE,HG(DMPE) + G,images/MS2/Phospholipids/DMPE/DMPE_neg_HG(DMPE)+G.png,-1,HG,0,0,-1,0,0,0,100,
DMPE,FA1,images/MS2/Phospholipids/DMPE/DMPE_neg_FA1.png,-1,FA1,0,1,1,0,0,0,100,
DMPE,FA2,images/MS2/Phospholipids/DMPE/DMPE_neg_FA2.png,-1,FA2,0,1,1,0,0,0,100,
DMPE,FA1',images/MS2/Phospholipids/DMPE/DMPE_neg_FA1'.png,-1,FA2,7,15,5,1,1,0,100,
DMPE,FA2',images/MS2/Phospholipids/DMPE/DMPE_neg_FA2'.png,-1,FA1,7,15,5,1,1,0,100,
DMPE,FA1' + O,images/MS2/Phospholipids/DMPE/DMPE_neg_FA1'+O.png,-1,FA2,7,17,6,1,1,0,100,
DMPE,FA2' + O,images/MS2/Phospholipids/DMPE/DMPE_neg_FA2'+O.png,-1,FA1,7,17,6,1,1,0,100,
LPC O-a,HG(PC),images/MS2/Phospholipids/eLPC/eLPC_pos_HG(PC).png,1,HG,-3,-5,-2,0,0,0,100,
LPC O-a,HG(C),images/MS2/Phospholipids/eLPC/eLPC_pos_HG(C).png,1,HG,-3,-6,-5,0,-1,0,100,
LPC O-a,NL(CH3 [adduct]),images/MS2/Phospholipids/eLPC/eLPC_neg_NL.png,-1,HG;FA,-1,-2,0,0,0,0,100,
PC O-a,HG(ePC),images/MS2/Phospholipids/ePC/ePC_neg_HG.png,-1,HG,-1,-2,-1,0,0,0,100,
PC O-a,NL(CH3 [adduct]),images/MS2/Phospholipids/ePC/ePC_neg_NL.png,-1,HG;FA1;FA2,-1,-2,0,0,0,0,100,
PC O-a,eFA1,images/MS2/Phospholipids/ePC/ePC_neg_eFA1.png,-1,FA1,0,1,1,0,0,0,100,
PC O-a,FA2,images/MS2/Phospholipids/ePC/ePC_neg_FA2.png,-1,FA2,0,1,1,0,0,0,100,
PC O-a,FA2',images/MS2/Phospholipids/ePC/ePC_neg_FA2'.png,-1,FA1,7,15,5,1,1,0,100,
PC O-a,FA2' + O,images/MS2/Phospholipids/ePC/ePC_neg_FA2'+O.png,-1,FA1,7,17,6,1,1,0,100,
PC O-a,FA2 - CO,images/MS2/Phospholipids/ePC/ePC_neg_FA2-CO.png,-1,FA2,-1,1,-1,0,0,0,100,
PC O-a,HG(PC),images/MS2/Phospholipids/ePC/ePC_pos_HG.png,1,HG,-3,-4,-2,0,0,0,100,
LPE O-a,HG(PE),images/MS2/Phospholipids/eLPE/eLPE_neg_HG(PE).png,-1,HG,0,1,0,0,0,0,100,
LPE O-a,GP,images/MS2/Phospholipids/eLPE/eLPE_neg_GP.png,-1,HG,-2,-6,-1,-1,0,0,100,
LPE O-a,NL(PE),images/MS2/Phospholipids/eLPE/eLPE_pos_NL(PE).png,1,HG;FA,-2,-8,-4,-1,-1,0,100,
PE O-a,GP,images/MS2/Phospholipids/ePE/ePE_neg_GP.png,-1,HG,-2,-5,-1,-1,0,0,100,
PE O-a,GP-H2O,images/MS2/Phospholipids/ePE/ePE_neg_GP-H2O.png,-1,HG,-2,-7,-2,-1,0,0,100,
PE O-a,FA2,images/MS2/Phospholipids/ePE/ePE_neg_FA2.png,-1,FA2,0,1,1,0,0,0,100,
PE O-a,FA2',images/MS2/Phospholipids/ePE/ePE_neg_FA2'.png,-1,FA1,5,11,5,1,1,0,100,
PE O-a,FA2' + O,images/MS2/Phospholipids/ePE/ePE_neg_FA2'+O.png,-1,FA1,5,13,6,1,1,0,100,
PE O-a,FA2 - CO,images/MS2/Phospholipids/ePE/ePE_neg_FA2-CO.png,-1,FA2,-1,1,-1,0,0,0,100,
PE O-a,NL(PE),images/MS2/Phospholipids/ePE/ePE_pos_NL.png,1,HG;FA1;FA2,-2,-8,-4,-1,-1,0,100,
PE O-a,FA2 + G,images/MS2/Phospholipids/ePE/ePE_pos_FA2+G.png,1,FA2,3,5,2,0,0,0,100,
GB3,NL(H2O),images/MS2/Sphingolipids/GB3Cer/GB3Cer_pos_NL(H2O).png,1,HG;LCB;FA,0,-2,-1,0,0,0,100,
GB3,W',images/MS2/Sphingolipids/GB3Cer/GB3Cer_pos_W'.png,1,LCB,0,-1,-1,0,0,0,100,-2
GB3,W'',images/MS2/Sphingolipids/GB3Cer/GB3Cer_pos_W''.png,1,LCB,0,-3,-2,0,0,0,100,-4
GB3,W' - CHO,images/MS2/Sphingolipids/GB3Cer/GB3Cer_pos_W'-CHO.png,1,LCB,-1,-3,-2,0,0,0,100,-4
GB3,Z0,images/MS2/Sphingolipids/GB3Cer/GB3Cer_pos_Z0.png,1,HG;LCB;FA,-18,-32,-16,0,0,0,100,
GB3,Z0 - H2O,images/MS2/Sphingolipids/GB3Cer/GB3Cer_pos_Z0-H2O.png,1,HG;LCB;FA,-18,-34,-17,0,0,0,100,
GB3,Z0 - H2O - C,images/MS2/Sphingolipids/GB3Cer/GB3Cer_pos_Z0-H2O-C.png,1,HG;LCB;FA,-19,-34,-17,0,0,0,100,
GB3,Z1,images/MS2/Sphingolipids/GB3Cer/GB3Cer_pos_Z1.png,1,HG;LCB;FA,-12,-22,-11,0,0,0,100,
GB3,Z2,images/MS2/Sphingolipids/GB3Cer/GB3Cer_pos_Z2.png,1,HG;LCB;FA,-6,-12,-6,0,0,0,100,
GB4,B1,images/MS2/Sphingolipids/GB4Cer/GB4Cer_pos_B1.png,1,HG,-18,-30,-15,0,0,0,100,
GB4,B2,images/MS2/Sphingolipids/GB4Cer/GB4Cer_pos_B2.png,1,HG,-12,-20,-10,0,0,0,100,
GB4,B3,images/MS2/Sphingolipids/GB4Cer/GB4Cer_pos_B3.png,1,HG,-6,-10,-5,0,0,0,100,
GB4,NL(H2O),images/MS2/Sphingolipids/GB4Cer/GB4Cer_pos_NL(H2O).png,1,HG;LCB;FA,0,-2,-1,0,0,0,100,
GB4,W',images/MS2/Sphingolipids/GB4Cer/GB4Cer_pos_W'.png,1,LCB,0,-1,-1,0,0,0,100,-2
GB4,W'',images/MS2/Sphingolipids/GB4Cer/GB4Cer_pos_W''.png,1,LCB,0,-3,-2,0,0,0,100,-4
GB4,W' - CHO,images/MS2/Sphingolipids/GB4Cer/GB4Cer_pos_W'-CHO.png,1,LCB,-1,-3,-2,0,0,0,100,-4
GB4,Z0,images/MS2/Sphingolipids/GB4Cer/GB4Cer_pos_Z0.png,1,HG;LCB;FA,-26,-45,-21,-1,0,0,100,
GB4,Z0 - H2O,images/MS2/Sphingolipids/GB4Cer/GB4Cer_pos_Z0-H2O.png,1,HG;LCB;FA,-26,-47,-22,-1,0,0,100,
GB4,Z1,images/MS2/Sphingolipids/GB4Cer/GB4Cer_pos_Z1.png,1,HG;LCB;FA,-20,-35,-16,-1,0,0,100,
GB4,Z2,images/MS2/Sphingolipids/GB4Cer/GB4Cer_pos_Z2.png,1,HG;LCB;FA,-14,-25,-11,-1,0,0,100,
GB4,Z3,images/MS2/Sphingolipids/GB4Cer/GB4Cer_pos_Z3.png,1,HG;LCB;FA,-8,-15,-6,-1,0,0,100,
GB4,Y0,images/MS2/Sphingolipids/GB4Cer/GB4Cer_pos_Y0.png,1,HG;LCB;FA,-26,-43,-20,-1,0,0,100,
GD3,B1,images/MS2/Sphingolipids/GD3Cer/GD3Cer_neg_B1.png,-1,HG,-23,-37,-18,-1,0,0,100,
GD3,B2,images/MS2/Sphingolipids/GD3Cer/GD3Cer_neg_B2.png,-1,HG,-12,-20,-10,0,0,0,100,
GD3,C1,images/MS2/Sphingolipids/GD3Cer/GD3Cer_neg_C1.png,-1,HG,-23,-35,-17,-1,0,0,100,
GD3,C2,images/MS2/Sphingolipids/GD3Cer/GD3Cer_neg_C2.png,-1,HG,-12,-18,-9,0,0,0,100,
GD3,Y0,images/MS2/Sphingolipids/GD3Cer/GD3Cer_neg_Y0.png,-1,HG;LCB;FA,-34,-54,-26,-2,0,0,100,
GD3,Y1,images/MS2/Sphingolipids/GD3Cer/GD3Cer_neg_Y1.png,-1,HG;LCB;FA,-28,-44,-21,-2,0,0,100,
GD3,Y2,images/MS2/Sphingolipids/GD3Cer/GD3Cer_neg_Y2.png,-1,HG;LCB;FA,-22,-34,-16,-2,0,0,100,
GD3,Y3,images/MS2/Sphingolipids/GD3Cer/GD3Cer_neg_Y3.png,-1,HG;LCB;FA,-11,-17,-8,-1,0,0,100,
GM3,B1,images/MS2/Sphingolipids/GM3Cer/GM3Cer_neg_B1.png,-1,HG,-12,-20,-10,0,0,0,100,
GM3,Y0,images/MS2/Sphingolipids/GM3Cer/GM3Cer_neg_Y0.png,-1,HG;LCB;FA,-23,-37,-18,-1,0,0,100,
GM3,Y1,images/MS2/Sphingolipids/GM3Cer/GM3Cer_neg_Y1.png,-1,HG;LCB;FA,-17,-27,-13,-1,0,0,100,
GM3,Y2,images/MS2/Sphingolipids/GM3Cer/GM3Cer_neg_Y2.png,-1,HG;LCB;FA,-11,-17,-8,-1,0,0,100,
GM3,Z0,images/MS2/Sphingolipids/GM3Cer/GM3Cer_neg_Z0.png,-1,HG;LCB;FA,-23,-39,-19,-1,0,0,100,
GM3,Z1,images/MS2/Sphingolipids/GM3Cer/GM3Cer_neg_Z1.png,-1,HG;LCB;FA,-17,-29,-14,-1,0,0,100,
GM4,B1,images/MS2/Sphingolipids/GM4Cer/GM4Cer_neg_B1.png,-1,HG,-6,-10,-5,0,0,0,100,
GM4,Y0,images/MS2/Sphingolipids/GM4Cer/GM4Cer_neg_Y0.png,-1,HG;LCB;FA,-17,-27,-13,-1,0,0,100,
GM4,Y1,images/MS2/Sphingolipids/GM4Cer/GM4Cer_neg_Y1.png,-1,HG;LCB;FA,-11,-17,-8,-1,0,0,100,
GM4,Z0,images/MS2/Sphingolipids/GM4Cer/GM4Cer_neg_Z0.png,-1,HG;LCB;FA,-17,-29,-14,-1,0,0,100,
HexCer,NL(H2O),images/MS2/Sphingolipids/HexCer/HexCer_pos_NL.png,1,HG;LCB;FA,0,-2,-1,0,0,0,100,
HexCer,W',images/MS2/Sphingolipids/HexCer/HexCer_pos_W'.png,1,LCB,0,-1,-1,0,0,0,100,-2
HexCer,W'',images/MS2/Sphingolipids/HexCer/HexCer_pos_W''.png,1,LCB,0,-3,-2,0,0,0,100,-4
HexCer,W' - CHO,images/MS2/Sphingolipids/HexCer/HexCer_pos_W'-CHO.png,1,LCB,-1,-3,-2,0,0,0,100,-4
HexCer,Z0,images/MS2/Sphingolipids/HexCer/HexCer_pos_Z0.png,1,HG;LCB;FA,-6,-12,-6,0,0,0,100,
HexCer,Z0 - H2O,images/MS2/Sphingolipids/HexCer/HexCer_pos_Z0-H2O.png,1,HG;LCB;FA,-6,-14,-7,0,0,0,100,
HexCer,Y0,images/MS2/Sphingolipids/HexCer/HexCer_pos_Y0.png,1,HG;LCB;FA,-6,-10,-5,0,0,0,100,
HexCer,NL([adduct]),images/MS2/Sphingolipids/HexCer/HexCer_neg_NL.png,-1,HG;LCB;FA,0,0,0,0,0,0,100,
HexCer,Y0,images/MS2/Sphingolipids/HexCer/HexCer_neg_Y0.png,-1,HG;LCB;FA,-6,-10,-5,0,0,0,100,
HexCer,Z0,images/MS2/Sphingolipids/HexCer/HexCer_neg_Z0.png,-1,HG;LCB;FA,-6,-12,-6,0,0,0,100,
HexCer,F,images/MS2/Sphingolipids/HexCer/HexCer_neg_F.png,-1,LCB,0,-4,-1,-1,0,0,100,-5
HexCer,V',images/MS2/Sphingolipids/HexCer/HexCer_neg_V'.png,-1,LCB,-1,-1,-1,0,0,0,100,-2
HexCer,J,images/MS2/Sphingolipids/HexCer/HexCer_neg_J.png,-1,LCB,-2,-6,-1,-1,0,0,100,-7
HexCer,S,images/MS2/Sphingolipids/HexCer/HexCer_neg_S.png,-1,FA,2,4,0,1,0,0,100,
HexCer,V,images/MS2/Sphingolipids/HexCer/HexCer_neg_V.png,-1,FA,0,2,0,1,0,0,100,
HexCer,T,images/MS2/Sphingolipids/HexCer/HexCer_neg_T.png,-1,FA,2,4,1,1,0,0,100,
SHexCer,NL(Sul),images/MS2/Sphingolipids/HexCerS/HexCerS_pos_NL.png,1,HG;LCB;FA,0,-2,-4,0,0,-1,100,
SHexCer,W',images/MS2/Sphingolipids/HexCerS/HexCerS_pos_W'.png,1,LCB,0,-1,-1,0,0,0,100,-2
SHexCer,W'',images/MS2/Sphingolipids/HexCerS/HexCerS_pos_W''.png,1,LCB,0,-3,-2,0,0,0,100,-4
SHexCer,W' - CHO,images/MS2/Sphingolipids/HexCerS/HexCerS_pos_W'-CHO.png,1,LCB,-1,-3,-2,0,0,0,100,-4
SHexCer,Z0,images/MS2/Sphingolipids/HexCerS/HexCerS_pos_Z0.png,1,HG;LCB;FA,-6,-12,-9,0,0,-1,100,
SHexCer,Z0 - H2O,images/MS2/Sphingolipids/HexCerS/HexCerS_pos_Z0-H2O.png,1,HG;LCB;FA,-6,-14,-10,0,0,-1,100,
SHexCer,Y0,images/MS2/Sphingolipids/HexCerS/HexCerS_pos_Y0.png,1,HG;LCB;FA,-6,-10,-8,0,0,-1,100,
SHexCer,Sul,images/MS2/Sphingolipids/HexCerS/HexCerS_neg_Sul.png,-1,HG,-6,-8,-4,0,0,0,100,
SHexCer,B0,images/MS2/Sphingolipids/HexCerS/HexCerS_neg_B0.png,-1,HG,0,0,0,0,0,0,100,
SHexCer,L,images/MS2/Sphingolipids/HexCerS/HexCerS_neg_L.png,-1,HG,2,5,1,1,0,0,100,
SHexCer,Y0,images/MS2/Sphingolipids/HexCerS/HexCerS_neg_Y0.png,-1,HG;LCB;FA,-6,-10,-8,0,0,-1,100,
SHexCer,V',images/MS2/Sphingolipids/HexCerS/HexCerS_neg_V'.png,-1,LCB,-1,-1,-1,0,0,0,100,-2
SHexCer,J,images/MS2/Sphingolipids/HexCerS/HexCerS_neg_J.png,-1,LCB,-2,-6,-1,-1,0,0,100,-7
SHexCer,S,images/MS2/Sphingolipids/HexCerS/HexCerS_neg_S.png,-1,FA,2,4,0,1,0,0,100,
SHexCer,V,images/MS2/Sphingolipids/HexCerS/HexCerS_neg_V.png,-1,FA,0,2,0,1,0,0,100,
SHexCer,T,images/MS2/Sphingolipids/HexCerS/HexCerS_neg_T.png,-1,FA,2,4,1,1,0,0,100,
LHexCer,NL(H2O [adduct]),images/MS2/Sphingolipids/HexSph/HexSph_pos_NL(H2O).png,1,LCB,6,10,4,0,0,0,100,9
LHexCer,W' / Z0,images/MS2/Sphingolipids/HexSph/HexSph_pos_W'.png,1,LCB,0,-1,-1,0,0,0,100,-2
LHexCer,W'',images/MS2/Sphingolipids/HexSph/HexSph_pos_W''.png,1,LCB,0,-3,-2,0,0,0,100,-4
LHexCer,W' - CHO,images/MS2/Sphingolipids/HexSph/HexSph_pos_W'-CHO.png,1,LCB,-1,-3,-2,0,0,0,100,-4
LHexCer,Y0,images/MS2/Sphingolipids/HexSph/HexSph_pos_Y0.png,1,LCB,0,1,0,0,0,0,100,0
LHexCer,NL([adduct]),images/MS2/Sphingolipids/HexSph/HexSph_neg_NL(adduct).png,-1,LCB,6,11,5,0,0,0,100,10
LHexCer,Y0,images/MS2/Sphingolipids/HexSph/HexSph_neg_Y0.png,-1,LCB,0,1,0,0,0,0,100,0
LHexCer,Z0,images/MS2/Sphingolipids/HexSph/HexSph_neg_Z0.png,-1,LCB,0,-1,-1,0,0,0,100,-2
LHexCer,V',images/MS2/Sphingolipids/HexSph/HexSph_neg_V'.png,-1,LCB,-1,-1,-1,0,0,0,100,-2
LHexCer,J,images/MS2/Sphingolipids/HexSph/HexSph_neg_J.png,-1,LCB,-2,-6,-1,-1,0,0,100,-7
LHexCer,F,images/MS2/Sphingolipids/HexSph/HexSph_neg_F.png,-1,LCB,0,-4,-1,-1,0,0,100,-5
Hex2Cer,NL(H2O),images/MS2/Sphingolipids/LacCer/LacCer_pos_NL.png,1,HG;LCB;FA,0,-2,-1,0,0,0,100,
Hex2Cer,W',images/MS2/Sphingolipids/LacCer/LacCer_pos_W'.png,1,LCB,0,-1,-1,0,0,0,100,-2
Hex2Cer,W'',images/MS2/Sphingolipids/LacCer/LacCer_pos_W''.png,1,LCB,0,-3,-2,0,0,0,100,-4
Hex2Cer,W' - CHO,images/MS2/Sphingolipids/LacCer/LacCer_pos_W'-CHO.png,1,LCB,-1,-3,-2,0,0,0,100,-4
Hex2Cer,Z0,images/MS2/Sphingolipids/LacCer/LacCer_pos_Z0.png,1,HG;LCB;FA,-12,-22,-11,0,0,0,100,
Hex2Cer,Z0 - H2O,images/MS2/Sphingolipids/LacCer/LacCer_pos_Z0-H2O.png,1,HG;LCB;FA,-12,-24,-12,0,0,0,100,
Hex2Cer,Y0,images/MS2/Sphingolipids/LacCer/LacCer_pos_Y0.png,1,HG;LCB;FA,-12,-20,-10,0,0,0,100,
Hex2Cer,NL([adduct]),images/MS2/Sphingolipids/LacCer/LacCer_neg_NL.png,-1,HG;LCB;FA,0,0,0,0,0,0,100,
Hex2Cer,Y0,images/MS2/Sphingolipids/LacCer/LacCer_neg_Y0.png,-1,HG;LCB;FA,-12,-20,-10,0,0,0,100,
Hex2Cer,Y1,images/MS2/Sphingolipids/LacCer/LacCer_neg_Y1.png,-1,HG;LCB;FA,-6,-10,-5,0,0,0,100,
Hex2Cer,Z0,images/MS2/Sphingolipids/LacCer/LacCer_neg_Z0.png,-1,HG;LCB;FA,-12,-22,-11,0,0,0,100,
Hex2Cer,Z1,images/MS2/Sphingolipids/LacCer/LacCer_neg_Z1.png,-1,HG;LCB;FA,-6,-12,-6,0,0,0,100,
Hex2Cer,V',images/MS2/Sphingolipids/LacCer/LacCer_neg_V'.png,-1,LCB,-1,-1,-1,0,0,0,100,-2
Hex2Cer,J,images/MS2/Sphingolipids/LacCer/LacCer_neg_J.png,-1,LCB,-2,-6,-1,-1,0,0,100,-7
Hex2Cer,S,images/MS2/Sphingolipids/LacCer/LacCer_neg_S.png,-1,FA,2,4,0,1,0,0,100,
Hex2Cer,V,images/MS2/Sphingolipids/LacCer/LacCer_neg_V.png,-1,FA,0,2,0,1,0,0,100,
Hex2Cer,T,images/MS2/Sphingolipids/LacCer/LacCer_neg_T.png,-1,FA,2,4,1,1,0,0,100,
LPA,GP,images/MS2/Phospholipids/LPA/LPA_neg_GP.png,-1,HG,0,-1,-1,0,0,0,100,
LPA,P,images/MS2/Phospholipids/LPA/LPA_neg_P.png,-1,HG,-3,-7,-3,0,0,0,100,
LPA,PO,images/MS2/Phospholipids/LPA/LPA_neg_PO.png,-1,HG,-3,-5,-2,0,0,0,100,
LPA,FA,images/MS2/Phospholipids/LPA/LPA_neg_FA.png,-1,FA,0,1,1,0,0,0,100,
LPA,GP+H2O,images/MS2/Phospholipids/LPA/LPA_neg_GP+H2O.png,-1,HG,0,1,0,0,0,0,100,
LPA,NL(H2O),images/MS2/Phospholipids/LPA/LPA_pos_NL(H2O).png,1,HG;FA,0,-2,-1,0,0,0,100,
LPA,FA+G,images/MS2/Phospholipids/LPA/LPA_pos_FA+G.png,1,FA,3,5,2,0,0,0,100,
LPA,FA,images/MS2/Phospholipids/LPA/LPA_pos_FA.png,1,FA,0,-1,0,0,0,0,100,
LPA,GP,images/MS2/Phospholipids/LPA/LPA_pos_GP.png,1,HG,0,-1,-1,0,0,0,100,
LPC,HG(PC),images/MS2/Phospholipids/LPC/LPC_pos_HG(PC).png,1,HG,-3,-5,-2,0,0,0,100,
LPC,HG(C),images/MS2/Phospholipids/LPC/LPC_pos_HG(C).png,1,HG,-3,-6,-5,0,-1,0,100,
LPC,FA',images/MS2/Phospholipids/LPC/LPC_neg_FA'.png,-1,HG,-1,-3,-1,0,0,0,100,
LPC,NL(CH3 [adduct]),images/MS2/Phospholipids/LPC/LPC_neg_NL.png,-1,HG;FA,-1,-2,0,0,0,0,100,
LPC,FA,images/MS2/Phospholipids/LPC/LPC_neg_FA.png,-1,FA,0,1,1,0,0,0,100,
LPE,FA',images/MS2/Phospholipids/LPE/LPE_neg_FA'.png,-1,HG,0,-1,-1,0,0,0,100,
LPE,HG(PE),images/MS2/Phospholipids/LPE/LPE_neg_HG.png,-1,HG,0,1,0,0,0,0,100,
LPE,GP,images/MS2/Phospholipids/LPE/LPE_neg_GP.png,-1,HG,-2,-6,-1,-1,0,0,100,
LPE,FA,images/MS2/Phospholipids/LPE/LPE_neg_FA.png,-1,FA,0,1,1,0,0,0,100,
LPE,NL(PE),images/MS2/Phospholipids/LPE/LPE_pos_NL(PE).png,1,HG;FA,-2,-8,-4,-1,-1,0,100,
LPG,GP,images/MS2/Phospholipids/LPG/LPG_neg_GP.png,-1,HG,-3,-7,-3,0,0,0,100,
LPG,HG(PG),images/MS2/Phospholipids/LPG/LPG_neg_HG.png,-1,HG,0,1,0,0,0,0,100,
LPG,FA',images/MS2/Phospholipids/LPG/LPG_neg_FA'.png,-1,HG,0,-1,-1,0,0,0,100,
LPG,P,images/MS2/Phospholipids/LPG/LPG_neg_P.png,-1,HG,-6,-13,-5,0,0,0,100,
LPG,FA,images/MS2/Phospholipids/LPG/LPG_neg_FA.png,-1,FA,0,1,1,0,0,0,100,
LPG,NL(PG),images/MS2/Phospholipids/LPG/LPG_pos_NL.png,1,HG;FA,-3,-9,-6,0,-1,0,100,
LPI,NL(I),images/MS2/Phospholipids/LPI/LPI_neg_NL(I).png,-1,HG;FA,-6,-12,-6,0,0,0,100,
LPI,GP,images/MS2/Phospholipids/LPI/LPI_neg_GP.png,-1,HG,-6,-11,-6,0,0,0,100,
LPI,HG(PI),images/MS2/Phospholipids/LPI/LPI_neg_HG.png,-1,HG,-3,-7,-3,0,0,0,100,
LPI,FA',images/MS2/Phospholipids/LPI/LPI_neg_FA'.png,-1,HG,0,-1,-1,0,0,0,100,
LPI,P,images/MS2/Phospholipids/LPI/LPI_neg_P.png,-1,HG,-9,-17,-8,0,0,0,100,
LPI,FA,images/MS2/Phospholipids/LPI/LPI_neg_FA.png,-1,FA,0,1,1,0,0,0,100,
LPI,NL(H2O),images/MS2/Phospholipids/LPI/LPI_pos_NL(H2O).png,1,HG;FA,0,-2,-1,0,0,0,100,
LPI,NL(2*H2O),images/MS2/Phospholipids/LPI/LPI_pos_NL(2_H2O).png,1,HG;FA,0,-4,-2,0,0,0,100,
LPI,GP,images/MS2/Phospholipids/LPI/LPI_pos_GP.png,1,HG,-6,-11,-6,0,0,0,100,
LPI,GPI,images/MS2/Phospholipids/LPI/LPI_pos_GPI.png,1,HG,0,1,0,0,0,0,100,
LPI,GPI-H2O,images/MS2/Phospholipids/LPI/LPI_pos_GPI-H2O.png,1,HG,0,-1,-1,0,0,0,100,
LPI,FA+G,images/MS2/Phospholipids/LPI/LPI_pos_FA+G.png,1,FA,3,5,2,0,0,0,100,
LPI,FA,images/MS2/Phospholipids/LPI/LPI_pos_FA.png,1,FA,0,-1,0,0,0,0,100,
LPS,GP,images/MS2/Phospholipids/LPS/LPS_neg_GP.png,-1,HG,-3,-6,-3,-1,0,0,100,
LPS,P,images/MS2/Phospholipids/LPS/LPS_neg_P.png,-1,HG,-6,-12,-5,-1,0,0,100,
LPS,PO,images/MS2/Phospholipids/LPS/LPS_neg_PO.png,-1,HG,-6,-10,-4,-1,0,0,100,
LPS,FA,images/MS2/Phospholipids/LPS/LPS_neg_FA.png,-1,FA,0,1,1,0,0,0,100,
LPS,NL(S),images/MS2/Phospholipids/LPS/LPS_neg_NL(S).png,-1,HG;FA,-3,-5,-2,-1,0,0,100,
LPS,NL(H2O),images/MS2/Phospholipids/LPS/LPS_pos_NL(H2O).png,1,HG;FA,0,-2,-1,0,0,0,100,
LPS,FA,images/MS2/Phospholipids/LPS/LPS_pos_FA.png,1,FA,3,5,2,0,0,0,100,
LPS,NL(S),images/MS2/Phospholipids/LPS/LPS_pos_NL(S).png,1,HG;FA,-3,-7,-3,-1,0,0,100,
MAG,NL(H2O),images/MS2/Glycerolipids/MG/MG_pos_NL.png,1,HG;FA1,0,-2,-1,0,0,0,100,
MAG,FA1,images/MS2/Glycerolipids/MG/MG_pos_FA1.png,1,FA1,0,-1,0,0,0,0,100,
MAG,FA1 + O,images/MS2/Glycerolipids/MG/MG_pos_FA1+O.png,1,FA1,0,1,1,0,0,0,100,
M(IP)2C,HG(M(IP)2) [-1],images/MS2/Sphingolipids/MIP2Cer/MIP2Cer_neg_HG(M(IP)2)_1.png,-1,HG,0,2,1,0,0,0,100,
M(IP)2C,HG(M(IP)2) [-2],images/MS2/Sphingolipids/MIP2Cer/MIP2Cer_neg_HG(M(IP)2)_2.png,-2,HG,0,2,1,0,0,0,100,
M(IP)2C,HG(MIP),images/MS2/Sphingolipids/MIP2Cer/MIP2Cer_neg_HG(MIP).png,-1,HG,-6,-9,-7,0,-1,0,100,
M(IP)2C,HG(MIP) - H2O,images/MS2/Sphingolipids/MIP2Cer/MIP2Cer_neg_HG(MIP)-H2O.png,-1,HG,-6,-11,-8,0,-1,0,100,
M(IP)2C,HG(IP),images/MS2/Sphingolipids/MIP2Cer/MIP2Cer_neg_HG(IP).png,-1,HG,-12,-21,-13,0,-1,0,100,
M(IP)2C,Y0,images/MS2/Sphingolipids/MIP2Cer/MIP2Cer_neg_Y0.png,-1,HG;LCB;FA,-18,-31,-18,0,-1,0,100,
M(IP)2C,Y0-H2O,images/MS2/Sphingolipids/MIP2Cer/MIP2Cer_neg_Y0-H2O.png,-1,HG;LCB;FA,-18,-33,-19,0,-1,0,100,
M(IP)2C,Y1,images/MS2/Sphingolipids/MIP2Cer/MIP2Cer_neg_Y1.png,-1,HG;LCB;FA,-12,-21,-13,0,-1,0,100,
M(IP)2C,Y2,images/MS2/Sphingolipids/MIP2Cer/MIP2Cer_neg_Y2.png,-1,HG;LCB;FA,-6,-11,-8,0,-1,0,100,
M(IP)2C,LCB-N,images/MS2/Sphingolipids/MIP2Cer/MIP2Cer_neg_LCB-N.png,-1,LCB,0,-4,-1,-1,0,0,100,-5
MIPC,P,images/MS2/Sphingolipids/MIPCer/MIPCer_neg_P.png,-1,HG,-12,-20,-10,0,0,0,100,
MIPC,PO,images/MS2/Sphingolipids/MIPCer/MIPCer_neg_PO.png,-1,HG,-12,-18,-9,0,0,0,100,
MIPC,HG(MIP),images/MS2/Sphingolipids/MIPCer/MIPCer_neg_HG(MIP).png,-1,HG,0,2,1,0,0,0,100,
MIPC,HG(MIP) - H2O,images/MS2/Sphingolipids/MIPCer/MIPCer_neg_HG(MIP)-H2O.png,-1,HG,0,0,0,0,0,0,100,
MIPC,HG(IP),images/MS2/Sphingolipids/MIPCer/MIPCer_neg_HG(IP).png,-1,HG,-6,-10,-5,0,0,0,100,
MIPC,Y0,images/MS2/Sphingolipids/MIPCer/MIPCer_neg_Y0.png,-1,HG;LCB;FA,-12,-20,-10,0,0,0,100,
MIPC,Y0 - H2O,images/MS2/Sphingolipids/MIPCer/MIPCer_neg_Y0-H2O.png,-1,HG;LCB;FA,-12,-22,-11,0,0,0,100,
MIPC,LCB - N,images/MS2/Sphingolipids/MIPCer/MIPCer_neg_LCB-N.png,-1,LCB,0,-4,-1,-1,0,0,100,-5
MGDG,NL(NH3),images/MS2/Glycerolipids/MGDG/MGDG_pos_NL(NH3).png,1,HG;FA1;FA2,0,0,0,0,0,0,100,
MGDG,Y0,images/MS2/Glycerolipids/MGDG/MGDG_pos_Y0.png,1,HG;FA1;FA2,-6,-10,-5,0,0,0,100,
MGDG,Z0,images/MS2/Glycerolipids/MGDG/MGDG_pos_Z0.png,1,HG;FA1;FA2,-6,-12,-6,0,0,0,100,
MGDG,Z0 - FA1,images/MS2/Glycerolipids/MGDG/MGDG_pos_Z0-FA1.png,1,FA2,3,5,2,0,0,0,100,
MGDG,Z0 - FA2,images/MS2/Glycerolipids/MGDG/MGDG_pos_Z0-FA2.png,1,FA1,3,5,2,0,0,0,100,
MGDG,HG(MGDG),images/MS2/Glycerolipids/MGDG/MGDG_neg_HG.png,-1,HG,0,2,0,0,0,0,100,
MGDG,NL([adduct]),images/MS2/Glycerolipids/MGDG/MGDG_neg_NL.png,-1,HG;FA1;FA2,0,0,0,0,0,0,100,
MGDG,FA1,images/MS2/Glycerolipids/MGDG/MGDG_neg_FA1.png,-1,FA1,0,1,1,0,0,0,100,
MGDG,FA2,images/MS2/Glycerolipids/MGDG/MGDG_neg_FA2.png,-1,FA2,0,1,1,0,0,0,100,
MGDG,FA1',images/MS2/Glycerolipids/MGDG/MGDG_neg_FA1'.png,-1,FA2,9,15,7,0,0,0,100,
MGDG,FA2',images/MS2/Glycerolipids/MGDG/MGDG_neg_FA2'.png,-1,FA1,9,15,7,0,0,0,100,
MGDG,FA1' + O,images/MS2/Glycerolipids/MGDG/MGDG_neg_FA1'+O.png,-1,FA2,9,17,8,0,0,0,100,
MGDG,FA2' + O,images/MS2/Glycerolipids/MGDG/MGDG_neg_FA2'+O.png,-1,FA1,9,17,8,0,0,0,100,
MLCL,FA1,images/MS2/Phospholipids/MLCL/MLCL_neg_FA1.png,-1,FA1,0,1,1,0,0,0,100,
MLCL,FA2,images/MS2/Phospholipids/MLCL/MLCL_neg_FA2.png,-1,FA2,0,1,1,0,0,0,100,
MLCL,FA3,images/MS2/Phospholipids/MLCL/MLCL_neg_FA3.png,-1,FA3,0,1,1,0,0,0,100,
MLCL,FA1' [-1],images/MS2/Phospholipids/MLCL/MLCL_neg_FA1'_-1.png,-1,FA2;FA3,9,18,12,0,2,0,100,
MLCL,FA2' [-1],images/MS2/Phospholipids/MLCL/MLCL_neg_FA2'_-1.png,-1,FA1;FA3,9,18,12,0,2,0,100,
MLCL,FA3' [-1],images/MS2/Phospholipids/MLCL/MLCL_neg_FA3'_-1.png,-1,FA1;FA2,9,18,12,0,2,0,100,
MLCL,FA1' [-2],images/MS2/Phospholipids/MLCL/MLCL_neg_FA1'_-2.png,-2,FA2;FA3,9,18,12,0,2,0,100,
MLCL,FA2' [-2],images/MS2/Phospholipids/MLCL/MLCL_neg_FA2'_-2.png,-2,FA1;FA3,9,18,12,0,2,0,100,
MLCL,FA3' [-2],images/MS2/Phospholipids/MLCL/MLCL_neg_FA3'_-2.png,-2,FA1;FA2,9,18,12,0,2,0,100,
MLCL,FA1' + O [-1],images/MS2/Phospholipids/MLCL/MLCL_neg_FA1'+O_-1.png,-1,FA2;FA3,9,20,13,0,2,0,100,
MLCL,FA2' + O [-1],images/MS2/Phospholipids/MLCL/MLCL_neg_FA2'+O_-1.png,-1,FA1;FA3,9,20,13,0,2,0,100,
MLCL,FA3' + O [-1],images/MS2/Phospholipids/MLCL/MLCL_neg_FA3'+O_-1.png,-1,FA1;FA2,9,20,13,0,2,0,100,
MLCL,FA1' + O [-2],images/MS2/Phospholipids/MLCL/MLCL_neg_FA1'+O_-2.png,-2,FA2;FA3,9,20,13,0,2,0,100,
MLCL,FA2' + O [-2],images/MS2/Phospholipids/MLCL/MLCL_neg_FA2'+O_-2.png,-2,FA1;FA3,9,20,13,0,2,0,100,
MLCL,FA3' + O [-2],images/MS2/Phospholipids/MLCL/MLCL_neg_FA3'+O_-2.png,-2,FA1;FA2,9,20,13,0,2,0,100,
MLCL,(FA1 + 2)' + O [-1],images/MS2/Phospholipids/MLCL/MLCL_neg_(FA1+2)'+O_-1.png,-1,FA3,9,20,13,0,2,0,100,
MLCL,(FA1 + 3)' + O [-1],images/MS2/Phospholipids/MLCL/MLCL_neg_(FA1+3)'+O_-1.png,-1,FA2,9,20,13,0,2,0,100,
MLCL,(FA2 + 3)' + O [-1],images/MS2/Phospholipids/MLCL/MLCL_neg_(FA2+3)'+O_-1.png,-1,FA1,9,20,13,0,2,0,100,
MLCL,(FA1 + 2)' + O [-2],images/MS2/Phospholipids/MLCL/MLCL_neg_(FA1+2)'+O_-2.png,-2,FA3,9,20,13,0,2,0,100,
MLCL,(FA1 + 3)' + O [-2],images/MS2/Phospholipids/MLCL/MLCL_neg_(FA1+3)'+O_-2.png,-2,FA2,9,20,13,0,2,0,100,
MLCL,(FA2 + 3)' + O [-2],images/MS2/Phospholipids/MLCL/MLCL_neg_(FA2+3)'+O_-2.png,-2,FA1,9,20,13,0,2,0,100,
MLCL,(FA1 + 2)' + 2O [-1],images/MS2/Phospholipids/MLCL/MLCL_neg_(FA1+2)'+2O_-1.png,-1,FA3,9,22,14,0,2,0,100,
MLCL,(FA1 + 3)' + 2O [-1],images/MS2/Phospholipids/MLCL/MLCL_neg_(FA1+3)'+2O_-1.png,-1,FA2,9,22,14,0,2,0,100,
MLCL,(FA2 + 3)' + 2O [-1],images/MS2/Phospholipids/MLCL/MLCL_neg_(FA2+3)'+2O_-1.png,-1,FA1,9,22,14,0,2,0,100,
MLCL,(FA1 + 2)' + 2O [-2],images/MS2/Phospholipids/MLCL/MLCL_neg_(FA1+2)'+2O_-2.png,-2,FA3,9,22,14,0,2,0,100,
MLCL,(FA1 + 3)' + 2O [-2],images/MS2/Phospholipids/MLCL/MLCL_neg_(FA1+3)'+2O_-2.png,-2,FA2,9,22,14,0,2,0,100,
MLCL,(FA2 + 3)' + 2O [-2],images/MS2/Phospholipids/MLCL/MLCL_neg_(FA2+3)'+2O_-2.png,-2,FA1,9,22,14,0,2,0,100,
MLCL,(FA1 + 2) + P,images/MS2/Phospholipids/MLCL/MLCL_neg_(FA1+2)+P_-1.png,-1,FA1;FA2,6,11,7,0,1,0,100,
MLCL,(FA3) + P,images/MS2/Phospholipids/MLCL/MLCL_neg_(FA3)+P_-1.png,-1,FA3,6,12,7,0,1,0,100,
MLCL,(FA1 + 2) + 2P,images/MS2/Phospholipids/MLCL/MLCL_neg_(FA1+2)+2P_-1.png,-1,FA1;FA2,6,12,10,0,2,0,100,
MLCL,(FA3) + 2P,images/MS2/Phospholipids/MLCL/MLCL_neg_(FA3)+2P_-1.png,-1,FA3,6,13,10,0,2,0,100,
MLCL,PA(1 + 2),images/MS2/Phospholipids/MLCL/MLCL_neg_PA(1+2)_-1.png,-1,FA1;FA2,3,7,6,0,1,0,100,
MLCL,LPA(1),images/MS2/Phospholipids/MLCL/MLCL_neg_LPA(1)_-1.png,-1,FA1,3,8,6,0,1,0,100,
MLCL,LPA(2),images/MS2/Phospholipids/MLCL/MLCL_neg_LPA(2)_-1.png,-1,FA2,3,8,6,0,1,0,100,
MLCL,LPA(3),images/MS2/Phospholipids/MLCL/MLCL_neg_LPA(3)_-1.png,-1,FA3,3,8,6,0,1,0,100,
MMPE,HG(MMPE),images/MS2/Phospholipids/MMPE/MMPE_pos_HG(MMPE).png,1,HG,-3,-4,-2,0,0,0,100,
MMPE,NL(MMPE),images/MS2/Phospholipids/MMPE/MMPE_pos_NL(MMPE).png,1,HG;FA1;FA2,-3,-10,-4,-1,-1,0,100,
MMPE,FA1,images/MS2/Phospholipids/MMPE/MMPE_pos_FA1.png,1,FA1,0,-1,0,0,0,0,100,
MMPE,FA2,images/MS2/Phospholipids/MMPE/MMPE_pos_FA2.png,1,FA2,0,-1,0,0,0,0,100,
MMPE,FA1' - H2O,images/MS2/Phospholipids/MMPE/MMPE_pos_FA1'-H2O.png,1,FA2,6,13,5,1,1,0,100,
MMPE,FA2' - H2O,images/MS2/Phospholipids/MMPE/MMPE_pos_FA2'-H2O.png,1,FA1,6,13,5,1,1,0,100,
MMPE,FA1',images/MS2/Phospholipids/MMPE/MMPE_pos_FA1'.png,1,FA2,6,15,6,1,1,0,100,
MMPE,FA2',images/MS2/Phospholipids/MMPE/MMPE_pos_FA2'.png,1,FA1,6,15,6,1,1,0,100,
MMPE,FA1 + G,images/MS2/Phospholipids/MMPE/MMPE_pos_FA1+G.png,1,FA1,3,5,2,0,0,0,100,
MMPE,FA2 + G,images/MS2/Phospholipids/MMPE/MMPE_pos_FA2+G.png,1,FA2,3,5,2,0,0,0,100,
MMPE,FA1 + G - H2O,images/MS2/Phospholipids/MMPE/MMPE_pos_FA1+G-H2O.png,1,FA1,3,3,1,0,0,0,100,
MMPE,FA2 + G - H2O,images/MS2/Phospholipids/MMPE/MMPE_pos_FA2+G-H2O.png,1,FA2,3,3,1,0,0,0,100,
MMPE,P,images/MS2/Phospholipids/MMPE/MMPE_neg_P.png,-1,HG,-6,-13,-3,-1,0,0,100,
MMPE,HG(MMPE),images/MS2/Phospholipids/MMPE/MMPE_neg_HG(MMPE).png,-1,HG,-3,-4,-2,0,0,0,100,
MMPE,HG(MMPE) + G,images/MS2/Phospholipids/MMPE/MMPE_neg_HG(MMPE)+G.png,-1,HG,0,0,-1,0,0,0,100,
MMPE,FA1,images/MS2/Phospholipids/MMPE/MMPE_neg_FA1.png,-1,FA1,0,1,1,0,0,0,100,
MMPE,FA2,images/MS2/Phospholipids/MMPE/MMPE_neg_FA2.png,-1,FA2,0,1,1,0,0,0,100,
MMPE,FA1',images/MS2/Phospholipids/MMPE/MMPE_neg_FA1'.png,-1,FA2,6,13,5,1,1,0,100,
MMPE,FA2',images/MS2/Phospholipids/MMPE/MMPE_neg_FA2'.png,-1,FA1,6,13,5,1,1,0,100,
MMPE,FA1' + O,images/MS2/Phospholipids/MMPE/MMPE_neg_FA1'+O.png,-1,FA2,6,15,6,1,1,0,100,
MMPE,FA2' + O,images/MS2/Phospholipids/MMPE/MMPE_neg_FA2'+O.png,-1,FA1,6,15,6,1,1,0,100,
PA,P,images/MS2/Phospholipids/PA/PA_neg_P.png,-1,HG,-3,-6,-3,0,0,0,100,
PA,GP,images/MS2/Phospholipids/PA/PA_neg_GP.png,-1,HG,0,0,-1,0,0,0,100,
PA,FA1,images/MS2/Phospholipids/PA/PA_neg_FA1.png,-1,FA1,0,1,1,0,0,0,100,
PA,FA2,images/MS2/Phospholipids/PA/PA_neg_FA2.png,-1,FA2,0,1,1,0,0,0,100,
PA,FA1',images/MS2/Phospholipids/PA/PA_neg_FA1'.png,-1,FA2,3,6,5,0,1,0,100,
PA,FA2',images/MS2/Phospholipids/PA/PA_neg_FA2'.png,-1,FA1,3,6,5,0,1,0,100,
PA,FA1' + O,images/MS2/Phospholipids/PA/PA_neg_FA1'+O.png,-1,FA2,3,8,6,0,1,0,100,
PA,FA2' + O,images/MS2/Phospholipids/PA/PA_neg_FA2'+O.png,-1,FA1,3,8,6,0,1,0,100,
PC,HG(PC),images/MS2/Phospholipids/PC/PC_pos_HG.png,1,HG,-3,-4,-2,0,0,0,100,
PC,NL(CH3 [adduct]),images/MS2/Phospholipids/PC/PC_neg_NL.png,-1,HG;FA1;FA2,-1,-2,0,0,0,0,100,
PC,FA1,images/MS2/Phospholipids/PC/PC_neg_FA1.png,-1,FA1,0,1,1,0,0,0,100,
PC,FA2,images/MS2/Phospholipids/PC/PC_neg_FA2.png,-1,FA2,0,1,1,0,0,0,100,
PC,FA1',images/MS2/Phospholipids/PC/PC_neg_FA1'.png,-1,FA2,7,15,5,1,1,0,100,
PC,FA2',images/MS2/Phospholipids/PC/PC_neg_FA2'.png,-1,FA1,7,15,5,1,1,0,100,
PC,FA1' + O,images/MS2/Phospholipids/PC/PC_neg_FA1'+O.png,-1,FA2,7,17,6,1,1,0,100,
PC,FA2' + O,images/MS2/Phospholipids/PC/PC_neg_FA2'+O.png,-1,FA1,7,17,6,1,1,0,100,
PE,HG(PE),images/MS2/Phospholipids/PE/PE_neg_HG.png,-1,HG,0,0,-1,0,0,0,100,
PE,GP,images/MS2/Phospholipids/PE/PE_neg_GP.png,-1,HG,-2,-5,-1,-1,0,0,100,
PE,FA1,images/MS2/Phospholipids/PE/PE_neg_FA1.png,-1,FA1,0,1,1,0,0,0,100,
PE,FA2,images/MS2/Phospholipids/PE/PE_neg_FA2.png,-1,FA2,0,1,1,0,0,0,100,
PE,FA1',images/MS2/Phospholipids/PE/PE_neg_FA1'.png,-1,FA2,5,11,5,1,1,0,100,
PE,FA2',images/MS2/Phospholipids/PE/PE_neg_FA2'.png,-1,FA1,5,11,5,1,1,0,100,
PE,FA1' + O,images/MS2/Phospholipids/PE/PE_neg_FA1'+O.png,-1,FA2,5,13,6,1,1,0,100,
PE,FA2' + O,images/MS2/Phospholipids/PE/PE_neg_FA2'+O.png,-1,FA1,5,13,6,1,1,0,100,
PE,NL(PE),images/MS2/Phospholipids/PE/PE_pos_NL.png,1,HG;FA1;FA2,-2,-8,-4,-1,-1,0,100,
PEt,GP,images/MS2/Phospholipids/PEt/PEt_neg_GP.png,-1,HG,-2,-4,-1,0,0,0,100,
PEt,NL([adduct]),images/MS2/Phospholipids/PEt/PEt_neg_NL.png,-1,HG;FA1;FA2,0,0,0,0,0,0,100,
PEt,FA1,images/MS2/Phospholipids/PEt/PEt_neg_FA1.png,-1,FA1,0,1,1,0,0,0,100,
PEt,FA2,images/MS2/Phospholipids/PEt/PEt_neg_FA2.png,-1,FA2,0,1,1,0,0,0,100,
PEt,FA1',images/MS2/Phospholipids/PEt/PEt_neg_FA1'.png,-1,FA2,5,10,5,0,1,0,100,
PEt,FA2',images/MS2/Phospholipids/PEt/PEt_neg_FA2'.png,-1,FA1,5,10,5,0,1,0,100,
PEt,FA1' + O,images/MS2/Phospholipids/PEt/PEt_neg_FA1'+O.png,-1,FA2,5,12,6,0,1,0,100,
PEt,FA2' + O,images/MS2/Phospholipids/PEt/PEt_neg_FA2'+O.png,-1,FA1,5,12,6,0,1,0,100,
PEt,HG(PEt + G),images/MS2/Phospholipids/PEt/PEt_pos_HG(PEt+G).png,1,HG,0,0,-1,0,0,0,100,
PEt,NL(PEt),images/MS2/Phospholipids/PEt/PEt_pos_NL(PEt).png,1,HG;FA1;FA2,-2,-7,-4,0,-1,0,100,
PEt,FA1,images/MS2/Phospholipids/PEt/PEt_pos_FA1.png,1,FA1,0,-1,0,0,0,0,100,
PEt,FA2,images/MS2/Phospholipids/PEt/PEt_pos_FA2.png,1,FA2,0,-1,0,0,0,0,100,
PEt,FA2 + G,images/MS2/Phospholipids/PEt/PEt_pos_FA2+G.png,1,FA2,3,5,2,0,0,0,100,
PEt,FA1 + G,images/MS2/Phospholipids/PEt/PEt_pos_FA1+G.png,1,FA1,3,5,2,0,0,0,100,
PEt,FA1' - O,images/MS2/Phospholipids/PEt/PEt_pos_FA1'-O.png,1,FA2,5,10,5,0,1,0,100,
PEt,FA2' - O,images/MS2/Phospholipids/PEt/PEt_pos_FA2'-O.png,1,FA1,5,10,5,0,1,0,100,
PG,FA1,images/MS2/Phospholipids/PG/PG_neg_FA1_complete.png,-1,FA1,0,1,1,0,0,0,100,
PG,FA1',images/MS2/Phospholipids/PG/PG_neg_FA1'.png,-1,FA2,6,12,7,0,1,0,100,
PG,NL(PG),images/MS2/Phospholipids/PG/PG_pos_NL.png,1,HG;FA1;FA2,-3,-9,-6,0,-1,0,100,
PG,FA1' + O,images/MS2/Phospholipids/PG/PG_neg_FA1'+O.png,-1,FA2,6,14,8,0,1,0,100,
PG,FA2,images/MS2/Phospholipids/PG/PG_neg_FA2_complete.png,-1,FA2,0,1,1,0,0,0,100,
PG,FA2',images/MS2/Phospholipids/PG/PG_neg_FA2'.png,-1,FA1,6,12,7,0,1,0,100,
PG,FA2' + O,images/MS2/Phospholipids/PG/PG_neg_FA2'+O.png,-1,FA1,6,14,8,0,1,0,100,
PG,GP,images/MS2/Phospholipids/PG/PG_neg_GP.png,-1,HG,-3,-6,-3,0,0,0,100,
PG,HG(PG),images/MS2/Phospholipids/PG/PG_neg_HG(PG).png,-1,HG,-3,-4,-2,0,0,0,100,
PG,HG(GPG),images/MS2/Phospholipids/PG/PG_neg_HG(GPG).png,-1,HG,0,0,-1,0,0,0,100,
PI,FA1' + O,images/MS2/Phospholipids/PI/PI_neg_FA1'+O.png,-1,FA2,9,18,11,0,1,0,100,
PI,FA1,images/MS2/Phospholipids/PI/PI_neg_FA1.png,-1,FA1,0,1,1,0,0,0,100,
PI,FA1',images/MS2/Phospholipids/PI/PI_neg_FA1'.png,-1,FA2,9,16,10,0,1,0,100,
PI,FA2' + O,images/MS2/Phospholipids/PI/PI_neg_FA2'+O.png,-1,FA1,9,18,11,0,1,0,100,
PI,FA2,images/MS2/Phospholipids/PI/PI_neg_FA2.png,-1,FA2,0,1,1,0,0,0,100,
PI,FA2',images/MS2/Phospholipids/PI/PI_neg_FA2'.png,-1,FA1,9,16,10,0,1,0,100,
PI,GP,images/MS2/Phospholipids/PI/PI_neg_GP.png,-1,HG,-6,-10,-6,0,0,0,100,
PI,HG(PI),images/MS2/Phospholipids/PI/PI_neg_HG.png,-1,HG,-3,-6,-3,0,0,0,100,
PI,P,images/MS2/Phospholipids/PI/PI_neg_P.png,-1,HG,-9,-16,-8,0,0,0,100,
PI,NL(PI),images/MS2/Phospholipids/PI/PI_pos_NL.png,1,HG;FA1;FA2,-6,-13,-9,0,-1,0,100,
PIP,P,images/MS2/Phospholipids/PIP/PIP_neg_P.png,-1,HG,-9,-17,-11,0,-1,0,100,
PIP,PO,images/MS2/Phospholipids/PIP/PIP_neg_PO.png,-1,HG,-9,-15,-10,0,-1,0,100,
PIP,HG(PIP),images/MS2/Phospholipids/PIP/PIP_neg_HG(PIP).png,-1,HG,-3,-6,-3,0,0,0,100,
PIP,HG(PIP - H2O),images/MS2/Phospholipids/PIP/PIP_neg_HG(PIP-H2O).png,-1,HG,-3,-8,-4,0,0,0,100,
PIP,HG(IP),images/MS2/Phospholipids/PIP/PIP_neg_HG(IP).png,-1,HG,-3,-7,-6,0,-1,0,100,
PIP,HG(IP - H2O),images/MS2/Phospholipids/PIP/PIP_neg_HG(IP-H2O).png,-1,HG,-3,-9,-7,0,-1,0,100,
PIP,HG(IP - 2 * H2O),images/MS2/Phospholipids/PIP/PIP_neg_HG(IP-H2O_2).png,-1,HG,-3,-11,-8,0,-1,0,100,
PIP,HG(IP - 3 * H2O),images/MS2/Phospholipids/PIP/PIP_neg_HG(IP-H2O_3).png,-1,HG,-3,-13,-9,0,-1,0,100,
PIP,NL(H2O),images/MS2/Phospholipids/PIP/PIP_neg_NL(H2O).png,-1,HG;FA1;FA2,0,-2,-1,0,0,0,100,
PIP,NL(HPO3),images/MS2/Phospholipids/PIP/PIP_neg_NL(HPO3).png,-1,HG;FA1;FA2,0,-1,-3,0,-1,0,100,
PIP,NL(H3PO4),images/MS2/Phospholipids/PIP/PIP_neg_NL(H3PO4).png,-1,HG;FA1;FA2,0,-3,-4,0,-1,0,100,
PIP,NL(IP),images/MS2/Phospholipids/PIP/PIP_neg_NL(IP).png,-1,HG;FA1;FA2,-6,-11,-8,0,-1,0,100,
PIP,FA1,images/MS2/Phospholipids/PIP/PIP_neg_FA1.png,-1,FA1,0,1,1,0,0,0,100,
PIP,FA2,images/MS2/Phospholipids/PIP/PIP_neg_FA2.png,-1,FA2,0,1,1,0,0,0,100,
PIP,FA1',images/MS2/Phospholipids/PIP/PIP_neg_FA1'.png,-1,FA2,9,17,13,0,2,0,100,
PIP,FA2',images/MS2/Phospholipids/PIP/PIP_neg_FA2'.png,-1,FA1,9,17,13,0,2,0,100,
PIP,FA1' + O,images/MS2/Phospholipids/PIP/PIP_neg_FA1'+O.png,-1,FA2,9,19,14,0,2,0,100,
PIP,FA2' + O,images/MS2/Phospholipids/PIP/PIP_neg_FA2'+O.png,-1,FA1,9,19,14,0,2,0,100,
PIP,FA1' + O - IP,images/MS2/Phospholipids/PIP/PIP_neg_FA1'+O-IP.png,-1,FA2,3,8,6,0,1,0,100,
PIP,FA2' + O - IP,images/MS2/Phospholipids/PIP/PIP_neg_FA2'+O-IP.png,-1,FA1,3,8,6,0,1,0,100,
PIP,FA1' - IP,images/MS2/Phospholipids/PIP/PIP_neg_FA1'-IP.png,-1,FA2,3,6,5,0,1,0,100,
PIP,FA2' - IP,images/MS2/Phospholipids/PIP/PIP_neg_FA2'-IP.png,-1,FA1,3,6,5,0,1,0,100,
PIP,FA1' - HPO3,images/MS2/Phospholipids/PIP/PIP_neg_FA1'-HPO3.png,-1,FA2,9,16,10,0,1,0,100,
PIP,FA2' - HPO3,images/MS2/Phospholipids/PIP/PIP_neg_FA2'-HPO3.png,-1,FA1,9,16,10,0,1,0,100,
PIP,FA1' + O - HPO3,images/MS2/Phospholipids/PIP/PIP_neg_FA1'+O-HPO3.png,-1,FA2,9,18,11,0,1,0,100,
PIP,FA2' + O - HPO3,images/MS2/Phospholipids/PIP/PIP_neg_FA2'+O-HPO3.png,-1,FA1,9,18,11,0,1,0,100,
PIP2,P,images/MS2/Phospholipids/PIP2/PIP2_neg_P.png,-1,HG,-9,-18,-14,0,-2,0,100,
PIP2,PO,images/MS2/Phospholipids/PIP2/PIP2_neg_PO.png,-1,HG,-9,-16,-13,0,-2,0,100,
PIP2,HG(PIP2),images/MS2/Phospholipids/PIP2/PIP2_neg_HG(PIP2).png,-1,HG,-3,-6,-3,0,0,0,100,
PIP2,HG(PIP2 - H2O),images/MS2/Phospholipids/PIP2/PIP2_neg_HG(PIP2-H2O).png,-1,HG,-3,-8,-4,0,0,0,100,
PIP2,HG(IP2),images/MS2/Phospholipids/PIP2/PIP2_neg_HG(IP2).png,-1,HG,-3,-7,-6,0,-1,0,100,
PIP2,HG(IP2 - H2O),images/MS2/Phospholipids/PIP2/PIP2_neg_HG(IP2-H2O).png,-1,HG,-3,-9,-7,0,-1,0,100,
PIP2,HG(IP),images/MS2/Phospholipids/PIP2/PIP2_neg_HG(IP).png,-1,HG,-3,-8,-9,0,-2,0,100,
PIP2,HG(IP - H2O),images/MS2/Phospholipids/PIP2/PIP2_neg_HG(IP-H2O).png,-1,HG,-3,-10,-10,0,-2,0,100,
PIP2,HG(IP - 2 * H2O),images/MS2/Phospholipids/PIP2/PIP2_neg_HG(IP2-H2O).png,-1,HG,-3,-12,-11,0,-2,0,100,
PIP2,HG(IP - 3 * H2O),images/MS2/Phospholipids/PIP2/PIP2_neg_HG(IP-3H2O).png,-1,HG,-3,-14,-12,0,-2,0,100,
PIP2,NL(HPO3),images/MS2/Phospholipids/PIP2/PIP2_neg_NL(HPO3).png,-1,HG;FA1;FA2,0,-1,-3,0,-1,0,100,
PIP2,NL(H3PO4),images/MS2/Phospholipids/PIP2/PIP2_neg_NL(H3PO4).png,-1,HG;FA1;FA2,0,-3,-4,0,-1,0,100,
PIP2,NL(H3PO4 + H2O),images/MS2/Phospholipids/PIP2/PIP2_neg_NL(H3PO4+H2O).png,-1,HG;FA1;FA2,0,-5,-5,0,-1,0,100,
PIP2,NL(2 * H3PO4 + H2O),images/MS2/Phospholipids/PIP2/PIP2_neg_NL(2H3PO4+H2O).png,-1,HG;FA1;FA2,0,-6,-8,0,-2,0,100,
PIP2,NL(2 * H3PO4 + 2 * H2O),images/MS2/Phospholipids/PIP2/PIP2_neg_NL(2H3PO4+2H2O).png,-1,HG;FA1;FA2,0,-8,-9,0,-2,0,100,
PIP2,NL(IP2),images/MS2/Phospholipids/PIP2/PIP2_neg_NL(IP2).png,-1,HG;FA1;FA2,-6,-12,-11,0,-2,0,100,
PIP2,FA1,images/MS2/Phospholipids/PIP2/PIP2_neg_FA1.png,-1,FA1,0,1,1,0,0,0,100,
PIP2,FA2,images/MS2/Phospholipids/PIP2/PIP2_neg_FA2.png,-1,FA2,0,1,1,0,0,0,100,
PIP2,FA1',images/MS2/Phospholipids/PIP2/PIP2_neg_FA1'.png,-1,FA2,9,18,16,0,3,0,100,
PIP2,FA2',images/MS2/Phospholipids/PIP2/PIP2_neg_FA2'.png,-1,FA1,9,18,16,0,3,0,100,
PIP2,FA1' + O,images/MS2/Phospholipids/PIP2/PIP2_neg_FA1'+O.png,-1,FA2,9,20,15,0,3,0,100,
PIP2,FA2' + O,images/MS2/Phospholipids/PIP2/PIP2_neg_FA2'+O.png,-1,FA1,9,20,15,0,3,0,100,
PIP2,FA1' + O - IP2,images/MS2/Phospholipids/PIP2/PIP2_neg_FA1'+O-IP2.png,-1,FA2,3,8,6,0,1,0,100,
PIP2,FA2' + O - IP2,images/MS2/Phospholipids/PIP2/PIP2_neg_FA2'+O-IP2.png,-1,FA1,3,8,6,0,1,0,100,
PIP2,FA1' - IP2,images/MS2/Phospholipids/PIP2/PIP2_neg_FA1'-IP2.png,-1,FA2,3,6,5,0,1,0,100,
PIP2,FA2' - IP2,images/MS2/Phospholipids/PIP2/PIP2_neg_FA2'-IP2.png,-1,FA1,3,6,5,0,1,0,100,
PIP2,FA1' - HPO3,images/MS2/Phospholipids/PIP2/PIP2_neg_FA1'-HPO3.png,-1,FA2,9,17,13,0,2,0,100,
PIP2,FA2' - HPO3,images/MS2/Phospholipids/PIP2/PIP2_neg_FA2'-HPO3.png,-1,FA1,9,17,13,0,2,0,100,
PIP2,FA1' + O - HPO3,images/MS2/Phospholipids/PIP2/PIP2_neg_FA1'+O-HPO3.png,-1,FA2,9,19,14,0,2,0,100,
PIP2,FA2' + O - HPO3,images/MS2/Phospholipids/PIP2/PIP2_neg_FA2'+O-HPO3.png,-1,FA1,9,19,14,0,2,0,100,
PIP2,FA1' - 2 * HPO3,images/MS2/Phospholipids/PIP2/PIP2_neg_FA1'-2HPO3.png,-1,FA2,9,16,10,0,1,0,100,
PIP2,FA2' - 2 * HPO3,images/MS2/Phospholipids/PIP2/PIP2_neg_FA2'-2HPO3.png,-1,FA1,9,16,10,0,1,0,100,
PIP2,FA1' + O - 2 * HPO3,images/MS2/Phospholipids/PIP2/PIP2_neg_FA1'+O-2HPO3.png,-1,FA2,9,18,11,0,1,0,100,
PIP2,FA2' + O - 2 * HPO3,images/MS2/Phospholipids/PIP2/PIP2_neg_FA2'+O-2HPO3.png,-1,FA1,9,18,11,0,1,0,100,
PIP3,P,images/MS2/Phospholipids/PIP3/PIP3_neg_P.png,-1,HG,-9,-19,-17,0,-3,0,100,
PIP3,PO,images/MS2/Phospholipids/PIP3/PIP3_neg_PO.png,-1,HG,-9,-17,-16,0,-3,0,100,
PIP3,HG(PIP3),images/MS2/Phospholipids/PIP3/PIP3_neg_HG(PIP3).png,-1,HG,-3,-4,-2,0,0,0,100,
PIP3,HG(PIP3 - H2O),images/MS2/Phospholipids/PIP3/PIP3_neg_HG(PIP3-H2O).png,-1,HG,-3,-6,-3,0,0,0,100,
PIP3,HG(PIP3 - 2H2O),images/MS2/Phospholipids/PIP3/PIP3_neg_HG(PIP3-2H2O).png,-1,HG,-3,-8,-4,0,0,0,100,
PIP3,HG(PIP2),images/MS2/Phospholipids/PIP3/PIP3_neg_HG(PIP2).png,-1,HG,-3,-7,-6,0,-1,0,100,
PIP3,HG(PIP2 - H2O),images/MS2/Phospholipids/PIP3/PIP3_neg_HG(PIP2-H2O).png,-1,HG,-3,-9,-7,0,-1,0,100,
PIP3,HG(IP2),images/MS2/Phospholipids/PIP3/PIP3_neg_HG(IP2).png,-1,HG,-3,-8,-9,0,-2,0,100,
PIP3,HG(IP2 - H2O),images/MS2/Phospholipids/PIP3/PIP3_neg_HG(IP2-H2O).png,-1,HG,-3,-10,-10,0,-2,0,100,
PIP3,HG(IP),images/MS2/Phospholipids/PIP3/PIP3_neg_HG(IP).png,-1,HG,-3,-9,-12,0,-3,0,100,
PIP3,HG(IP - H2O),images/MS2/Phospholipids/PIP3/PIP3_neg_HG(IP-H2O).png,-1,HG,-3,-11,-13,0,-3,0,100,
PIP3,HG(IP - 2 * H2O),images/MS2/Phospholipids/PIP3/PIP3_neg_HG(IP-2H2O).png,-1,HG,-3,-13,-14,0,-3,0,100,
PIP3,HG(IP - 3 * H2O),images/MS2/Phospholipids/PIP3/PIP3_neg_HG(IP-3H2O).png,-1,HG,-3,-15,-15,0,-3,0,100,
PIP3,NL(HPO3),images/MS2/Phospholipids/PIP3/PIP3_neg_NL(HPO3).png,-1,HG;FA1;FA2,0,-1,-3,0,-1,0,100,
PIP3,NL(H3PO4),images/MS2/Phospholipids/PIP3/PIP3_neg_NL(H3PO4).png,-1,HG;FA1;FA2,0,-3,-4,0,-1,0,100,
PIP3,NL(H3PO4 + H2O),images/MS2/Phospholipids/PIP3/PIP3_neg_NL(H3PO4+H2O).png,-1,HG;FA1;FA2,0,-5,-5,0,-1,0,100,
PIP3,NL(H3PO4 + 2 * H2O),images/MS2/Phospholipids/PIP3/PIP3_neg_NL(H3PO4+2H2O).png,-1,HG;FA1;FA2,0,-7,-6,0,-1,0,100,
PIP3,NL(2 * HPO3),images/MS2/Phospholipids/PIP3/PIP3_neg_NL(2HPO3).png,-1,HG;FA1;FA2,0,-2,-6,0,-2,0,100,
PIP3,NL(HPO3 + H3PO4),images/MS2/Phospholipids/PIP3/PIP3_neg_NL(HPO3+H3PO4).png,-1,HG;FA1;FA2,0,-4,-7,0,-2,0,100,
PIP3,NL(2 * H3PO4),images/MS2/Phospholipids/PIP3/PIP3_neg_NL(2H3PO4).png,-1,HG;FA1;FA2,0,-6,-8,0,-2,0,100,
PIP3,NL(2 * H3PO4 + H2O),images/MS2/Phospholipids/PIP3/PIP3_neg_NL(2H3PO4+H2O).png,-1,HG;FA1;FA2,0,-8,-9,0,-2,0,100,
PIP3,NL(3 * H3PO4),images/MS2/Phospholipids/PIP3/PIP3_neg_NL(3H3PO4).png,-1,HG;FA1;FA2,0,-9,-12,0,-3,0,100,
PIP3,NL(IP3),images/MS2/Phospholipids/PIP3/PIP3_neg_NL(IP3).png,-1,HG;FA1;FA2,-6,-13,-14,0,-3,0,100,
PIP3,FA1,images/MS2/Phospholipids/PIP3/PIP3_neg_FA1.png,-1,FA1,0,1,1,0,0,0,100,
PIP3,FA2,images/MS2/Phospholipids/PIP3/PIP3_neg_FA2.png,-1,FA2,0,1,1,0,0,0,100,
PIP3,FA1' - H3PO4,images/MS2/Phospholipids/PIP3/PIP3_neg_FA1'-H3PO4.png,-1,FA2,9,16,15,0,3,0,100,
PIP3,FA2' - H3PO4,images/MS2/Phospholipids/PIP3/PIP3_neg_FA2'-H3PO4.png,-1,FA1,9,16,15,0,3,0,100,
PIP3,FA1' - H3PO4 - H2O,images/MS2/Phospholipids/PIP3/PIP3_neg_FA1'-H3PO4-H2O.png,-1,FA2,9,14,14,0,3,0,100,
PIP3,FA2' - H3PO4 - H2O,images/MS2/Phospholipids/PIP3/PIP3_neg_FA2'-H3PO4-H2O.png,-1,FA1,9,14,14,0,3,0,100,
PIP3,FA1' + O - 2 * HPO3,images/MS2/Phospholipids/PIP3/PIP3_neg_FA1'+O-2HPO3.png,-1,FA2,9,15,12,0,2,0,100,
PIP3,FA2' + O - 2 * HPO3,images/MS2/Phospholipids/PIP3/PIP3_neg_FA2'+O-2HPO3.png,-1,FA1,9,15,12,0,2,0,100,
PIP3,FA1' - 2 * HPO3,images/MS2/Phospholipids/PIP3/PIP3_neg_FA1'-2HPO3.png,-1,FA2,9,17,13,0,2,0,100,
PIP3,FA2' - 2 * HPO3,images/MS2/Phospholipids/PIP3/PIP3_neg_FA2'-2HPO3.png,-1,FA1,9,17,13,0,2,0,100,
PIP3,FA1' - 2 * H3PO4,images/MS2/Phospholipids/PIP3/PIP3_neg_FA1'-2H3PO4.png,-1,FA2,9,13,11,0,2,0,100,
PIP3,FA2' - 2 * H3PO4,images/MS2/Phospholipids/PIP3/PIP3_neg_FA2'-2H3PO4.png,-1,FA1,9,13,11,0,2,0,100,
PIP3,FA1' + O - 3 * H3PO4,images/MS2/Phospholipids/PIP3/PIP3_neg_FA1'+O-3H3PO4.png,-1,FA2,9,12,8,0,1,0,100,
PIP3,FA2' + O - 3 * H3PO4,images/MS2/Phospholipids/PIP3/PIP3_neg_FA2'+O-3H3PO4.png,-1,FA1,9,12,8,0,1,0,100,
PIP3,FA1' - 3 * H3PO4,images/MS2/Phospholipids/PIP3/PIP3_neg_FA1'-3H3PO4.png,-1,FA2,9,10,7,0,1,0,100,
PIP3,FA2' - 3 * H3PO4,images/MS2/Phospholipids/PIP3/PIP3_neg_FA2'-3H3PO4.png,-1,FA1,9,10,7,0,1,0,100,
PIP3,FA1' + O - IP3,images/MS2/Phospholipids/PIP3/PIP3_neg_FA1'+O-IP3.png,-1,FA2,3,8,6,0,1,0,100,
PIP3,FA2' + O - IP3,images/MS2/Phospholipids/PIP3/PIP3_neg_FA2'+O-IP3.png,-1,FA1,3,8,6,0,1,0,100,
PIP3,FA1' - IP3,images/MS2/Phospholipids/PIP3/PIP3_neg_FA1'-IP3.png,-1,FA2,3,6,5,0,1,0,100,
PIP3,FA2' - IP3,images/MS2/Phospholipids/PIP3/PIP3_neg_FA2'-IP3.png,-1,FA1,3,6,5,0,1,0,100,
LPC O-p,HG(PC),images/MS2/Phospholipids/pLPC/pLPC_pos_HG(PC).png,1,HG,-3,-5,-2,0,0,0,100,
LPC O-p,HG(C),images/MS2/Phospholipids/pLPC/pLPC_pos_HG(C).png,1,HG,-3,-6,-5,0,-1,0,100,
LPC O-p,NL(CH3 [adduct]),images/MS2/Phospholipids/pLPC/pLPC_neg_NL.png,-1,HG;FA,-1,-2,0,0,0,0,100,
LPE O-p,HG(PE),images/MS2/Phospholipids/pLPE/pLPE_neg_HG(PE).png,-1,HG,0,1,0,0,0,0,100,
LPE O-p,GP,images/MS2/Phospholipids/pLPE/pLPE_neg_GP.png,-1,HG,-2,-6,-1,-1,0,0,100,
LPE O-p,NL(PE),images/MS2/Phospholipids/pLPE/pLPE_pos_NL(PE).png,1,HG;FA,-2,-8,-4,-1,-1,0,100,
LPE O-p,NL(P),images/MS2/Phospholipids/pLPE/pLPE_pos_NL(P).png,1,HG;FA,0,-3,-4,0,-1,0,100,
PC O-p,HG(pPC),images/MS2/Phospholipids/pPC/pPC_neg_HG.png,-1,HG,-1,-2,-1,0,0,0,100,
PC O-p,NL(CH3 [adduct]),images/MS2/Phospholipids/pPC/pPC_neg_NL.png,-1,HG;FA1;FA2,-1,-2,0,0,0,0,100,
PC O-p,pFA1 (pPC),images/MS2/Phospholipids/pPC/pPC_neg_pFA1.png,-1,FA1,0,1,1,0,0,0,100,
PC O-p,FA2 (pPC),images/MS2/Phospholipids/pPC/pPC_neg_FA2.png,-1,FA2,0,1,1,0,0,0,100,
PC O-p,FA2' (pPC),images/MS2/Phospholipids/pPC/pPC_neg_FA2'.png,-1,FA1,7,15,5,1,1,0,100,
PC O-p,FA2' + O (pPC),images/MS2/Phospholipids/pPC/pPC_neg_FA2'+O.png,-1,FA1,7,17,6,1,1,0,100,
PC O-p,FA2 - CO (pPC),images/MS2/Phospholipids/pPC/pPC_neg_FA2-CO.png,-1,FA2,-1,1,-1,0,0,0,100,
PC O-p,HG(pPC),images/MS2/Phospholipids/pPC/pPC_neg_HG.png,1,HG,-3,-4,-2,0,0,0,100,
PE O-p,HG(PE),images/MS2/Phospholipids/pPE/pPE_neg_pFA1.png,-1,HG,0,0,-1,0,0,0,100,
PE O-p,pFA1,images/MS2/Phospholipids/pPE/pPE_neg_pFA1.png,-1,FA1,0,1,1,0,0,0,100,
PE O-p,FA2,images/MS2/Phospholipids/pPE/pPE_neg_FA2.png,-1,FA2,0,1,1,0,0,0,100,
PE O-p,FA2',images/MS2/Phospholipids/pPE/pPE_neg_FA2'.png,-1,FA1,5,11,5,1,1,0,100,
PE O-p,FA2' + O,images/MS2/Phospholipids/pPE/pPE_neg_FA2'+O.png,-1,FA1,5,13,6,1,1,0,100,
PE O-p,FA2 - CO,images/MS2/Phospholipids/pPE/pPE_neg_FA2-CO.png,-1,FA2,-1,1,-1,0,0,0,100,
PE O-p,FA1' + O,images/MS2/Phospholipids/pPE/pPE_pos_FA1'+O.png,1,FA2,5,13,6,1,1,0,100,
PE O-p,pFA1 + HG,images/MS2/Phospholipids/pPE/pPE_pos_FA1+HG.png,1,FA1,2,7,4,1,1,0,100,
PE O-p,FA2 + G,images/MS2/Phospholipids/pPE/pPE_pos_FA2+G.png,1,FA2,3,5,2,0,0,0,100,
PE O-p,NL(PE),images/MS2/Phospholipids/pPE/pPE_pos_NL.png,1,HG;FA1;FA2,-2,-8,-4,-1,-1,0,100,
PS,FA1' + O,images/MS2/Phospholipids/PS/PS_neg_FA1'+O.png,-1,FA2,3,8,6,0,1,0,100,
PS,FA1,images/MS2/Phospholipids/PS/PS_neg_FA1.png,-1,FA1,0,1,1,0,0,0,100,
PS,FA1',images/MS2/Phospholipids/PS/PS_neg_FA1'.png,-1,FA2,3,6,5,0,1,0,100,
PS,FA2' + O,images/MS2/Phospholipids/PS/PS_neg_FA2'+O.png,-1,FA1,3,8,6,0,1,0,100,
PS,FA2,images/MS2/Phospholipids/PS/PS_neg_FA2.png,-1,FA2,0,1,1,0,0,0,100,
PS,FA2',images/MS2/Phospholipids/PS/PS_neg_FA2'.png,-1,FA1,3,6,5,0,1,0,100,
PS,GP,images/MS2/Phospholipids/PS/PS_neg_GP.png,-1,HG,-3,-5,-3,-1,0,0,100,
PS,NL(PS),images/MS2/Phospholipids/PS/PS_pos_NL.png,1,HG;FA1;FA2,-3,-8,-6,-1,-1,0,100,
PS,NL(C3H5NO2),images/MS2/Phospholipids/PS/PS_pos_NL.png,-1,HG;FA1;FA2,-3,-5,-2,-1,0,0,100,
SM,HG(PC),images/MS2/Sphingolipids/SM/SM_pos_HG.png,1,HG,0,2,1,0,0,0,100,
SM,W'',images/MS2/Sphingolipids/SM/SM_pos_W''.png,1,LCB,0,-3,-2,0,0,0,100,-4
SM,HG(PC),images/MS2/Sphingolipids/SM/SM_neg_HG.png,-1,HG,-1,0,1,0,0,0,100,
SM,P,images/MS2/Sphingolipids/SM/SM_neg_P.png,-1,HG,-5,-11,0,-1,0,0,100,
SM,FA,images/MS2/Sphingolipids/SM/SM_neg_FA.png,-1,FA,0,1,1,0,0,0,100,
LSM,HG(PC),images/MS2/Sphingolipids/SPC/SPC_pos_HG.png,1,HG,0,1,1,0,0,0,100,
LSM,W'',images/MS2/Sphingolipids/SPC/SPC_pos_W''.png,1,LCB,0,-3,-2,0,0,0,100,-4
LSM,HG(PC),images/MS2/Sphingolipids/SPC/SPC_neg_HG.png,-1,HG,-1,-1,1,0,0,0,100,
LSM,P,images/MS2/Sphingolipids/SPC/SPC_neg_P.png,-1,HG,-5,-12,0,-1,0,0,100,
LCB,HG,images/MS2/Sphingolipids/SPH/SPH_pos_HG.png,1,HG,2,4,1,1,0,0,100,
LCB,NL(H2O),images/MS2/Sphingolipids/SPH/SPH_pos_NL.png,1,HG;LCB,0,-2,-1,0,0,0,100,
LCB,W'',images/MS2/Sphingolipids/SPH/SPH_pos_W''.png,1,LCB,0,-3,-2,0,0,0,100,-4
LCB,W' - CHO,images/MS2/Sphingolipids/SPH/SPH_pos_W'-CHO.png,1,LCB,-1,-3,-2,0,0,0,100,-4
LCBP,NL(H3PO4),images/MS2/Sphingolipids/SPH-P/SPH-P_pos_NL(H3PO4).png,1,HG;LCB,0,-3,-4,0,-1,0,100,
LCBP,NL(H2O),images/MS2/Sphingolipids/SPH-P/SPH-P_pos_NL(H2O).png,1,HG;LCB,0,-2,-1,0,0,0,100,
LCBP,W'',images/MS2/Sphingolipids/SPH-P/SPH-P_pos_W''.png,1,LCB,0,-3,-2,0,0,0,100,-4
LCBP,P,images/MS2/Sphingolipids/SPH-P/SPH-P_neg_P.png,-1,HG,0,-1,0,0,0,0,100,
LCBP,P + H2O,images/MS2/Sphingolipids/SPH-P/SPH-P_neg_P+H2O.png,-1,HG,0,1,1,0,0,0,100,
SQDG,NL(NH3),images/MS2/Glycerolipids/SQDG/SQDG_pos_NL.png,1,HG;FA1;FA2,0,0,0,0,0,0,100,
SQDG,Y0,images/MS2/Glycerolipids/SQDG/SQDG_pos_Y0.png,1,HG;FA1;FA2,-6,-10,-7,0,0,-1,100,
SQDG,Z0,images/MS2/Glycerolipids/SQDG/SQDG_pos_Z0.png,1,HG;FA1;FA2,-6,-12,-8,0,0,-1,100,
SQDG,Z0 - C,images/MS2/Glycerolipids/SQDG/SQDG_pos_Z0-C.png,1,HG;FA1;FA2,-7,-12,-8,0,0,-1,100,
SQDG,Y0 - FA1,images/MS2/Glycerolipids/SQDG/SQDG_pos_Y0-FA1.png,1,FA2,3,7,3,0,0,0,100,
SQDG,Y0 - FA2,images/MS2/Glycerolipids/SQDG/SQDG_pos_Y0-FA2.png,1,FA1,3,7,3,0,0,0,100,
SQDG,Y0 - FA1 - H2O,images/MS2/Glycerolipids/SQDG/SQDG_pos_Y0-FA1-H2O.png,1,FA2,3,5,2,0,0,0,100,
SQDG,Y0 - FA2 - H2O,images/MS2/Glycerolipids/SQDG/SQDG_pos_Y0-FA2-H2O.png,1,FA1,3,5,2,0,0,0,100,
SQDG,FA1 + HexS,images/MS2/Glycerolipids/SQDG/SQDG_pos_FA1+HexS.png,1,FA1,6,9,7,0,0,1,100,
SQDG,FA2 + HexS,images/MS2/Glycerolipids/SQDG/SQDG_pos_FA2+HexS.png,1,FA2,6,9,7,0,0,1,100,
SQDG,HG(SQDG),images/MS2/Glycerolipids/SQDG/SQDG_neg_HG.png,-1,HG,-3,-6,-3,0,0,0,100,
SQDG,FA1,images/MS2/Glycerolipids/SQDG/SQDG_neg_FA1.png,-1,FA1,0,1,1,0,0,0,100,
SQDG,FA2,images/MS2/Glycerolipids/SQDG/SQDG_neg_FA2.png,-1,FA2,0,1,1,0,0,0,100,
SQDG,FA1',images/MS2/Glycerolipids/SQDG/SQDG_neg_FA1'.png,-1,FA2,9,15,9,0,0,1,100,
SQDG,FA2',images/MS2/Glycerolipids/SQDG/SQDG_neg_FA2'.png,-1,FA1,9,15,9,0,0,1,100,
SQDG,FA1' + O,images/MS2/Glycerolipids/SQDG/SQDG_neg_FA1'+O.png,-1,FA2,9,17,10,0,0,1,100,
SQDG,FA2' + O,images/MS2/Glycerolipids/SQDG/SQDG_neg_FA2'+O.png,-1,FA1,9,17,10,0,0,1,100,
TAG,FA1,images/MS2/Glycerolipids/TG/TG_pos_FA1.png,1,FA1,0,-1,0,0,0,0,100,
TAG,FA2,images/MS2/Glycerolipids/TG/TG_pos_FA2.png,1,FA2,0,-1,0,0,0,0,100,
TAG,FA3,images/MS2/Glycerolipids/TG/TG_pos_FA3.png,1,FA3,0,-1,0,0,0,0,100,
TAG,FA1',images/MS2/Glycerolipids/TG/TG_pos_FA1'.png,1,FA2;FA3,3,4,2,0,0,0,100,
TAG,FA2',images/MS2/Glycerolipids/TG/TG_pos_FA2'.png,1,FA1;FA3,3,4,2,0,0,0,100,
TAG,FA3',images/MS2/Glycerolipids/TG/TG_pos_FA3'.png,1,FA1;FA2,3,4,2,0,0,0,100,
